listing_id,listed_date,district,rooms,area_m2,floor,total_floors,year_built,building_type,ceiling_height_m,price_kzt,is_price_outlier
ALM-10217,2026-01-01,Almaly,3,77.4,9.0,12,1964.0,panel,2.68,63800000.0,False
ALM-10910,2026-01-01,Zhetysu,3,73.6,3.0,20,,monolith,2.81,54050000.0,False
ALM-10565,2026-01-01,Alatau,2,65.9,9.0,12,1980.0,panel,,28410000.0,False
ALM-10119,2026-01-01,Medeu,2,50.5,5.0,5,1966.0,brick,2.93,52620000.0,False
ALM-10270,2026-01-01,Bostandyk,2,49.7,7.0,12,2017.0,monolith,2.73,55950000.0,False
ALM-10005,2026-01-01,Medeu,1,39.9,1.0,12,2006.0,monolith,2.72,40720000.0,False
ALM-10223,2026-01-02,Auezov,2,63.6,7.0,9,2019.0,monolith,2.86,44300000.0,False
ALM-10286,2026-01-03,Almaly,4,120.4,7.0,9,1967.0,panel,2.51,102500000.0,False
ALM-10356,2026-01-03,Almaly,3,82.9,2.0,4,2002.0,brick,,68670000.0,False
ALM-10029,2026-01-03,Auezov,3,79.7,12.0,12,2018.0,monolith,2.88,61280000.0,False
ALM-10729,2026-01-03,Alatau,2,62.5,,12,1976.0,panel,2.67,30130000.0,False
ALM-10244,2026-01-04,Medeu,2,53.9,3.0,5,1985.0,brick,2.96,62330000.0,False
ALM-10316,2026-01-04,Medeu,1,38.2,5.0,9,2000.0,brick,3.01,46460000.0,False
ALM-10372,2026-01-04,Bostandyk,3,78.2,9.0,9,1981.0,panel,2.55,61070000.0,False
ALM-10587,2026-01-05,Turksib,2,55.0,8.0,9,1987.0,panel,,27310000.0,False
ALM-10952,2026-01-05,Auezov,3,80.4,9.0,20,2010.0,monolith,2.84,57310000.0,False
ALM-10934,2026-01-05,Nauryzbay,3,69.9,3.0,12,1988.0,panel,2.57,31370000.0,False
ALM-11054,2026-01-05,Auezov,4,98.6,4.0,4,1968.0,brick,,63860000.0,False
ALM-10213,2026-01-05,Bostandyk,3,72.4,5.0,5,1988.0,brick,3.02,69360000.0,False
ALM-10038,2026-01-06,Alatau,3,77.1,1.0,9,,monolith,2.85,40320000.0,False
ALM-10089,2026-01-06,Turksib,2,57.5,13.0,25,2007.0,monolith,2.91,36020000.0,False
ALM-10235,2026-01-06,Alatau,3,67.6,7.0,9,1976.0,panel,,27360000.0,False
ALM-10051,2026-01-06,Auezov,3,79.1,3.0,3,1991.0,brick,,48660000.0,False
ALM-10140,2026-01-07,Turksib,3,59.2,9.0,9,1972.0,panel,2.55,25300000.0,False
ALM-10912,2026-01-07,Nauryzbay,4,99.4,3.0,4,1972.0,brick,3.03,53550000.0,False
ALM-10802,2026-01-07,Alatau,2,54.0,2.0,9,2014.0,monolith,2.87,31150000.0,False
ALM-11163,2026-01-08,Nauryzbay,1,32.3,6.0,25,2022.0,monolith,2.98,17700000.0,False
ALM-10249,2026-01-08,Bostandyk,2,50.3,3.0,4,1992.0,brick,3.11,48590000.0,False
ALM-10581,2026-01-09,Bostandyk,3,68.6,4.0,9,2016.0,monolith,2.77,67560000.0,False
ALM-10161,2026-01-09,Nauryzbay,3,81.7,3.0,3,1974.0,brick,3.04,39000000.0,False
ALM-10462,2026-01-09,Bostandyk,2,68.3,15.0,16,2022.0,monolith,2.89,78790000.0,False
ALM-10190,2026-01-09,Nauryzbay,2,51.1,8.0,9,1984.0,brick,2.99,25550000.0,False
ALM-10393,2026-01-09,Nauryzbay,2,62.3,6.0,12,1975.0,panel,2.56,29470000.0,False
ALM-10473,2026-01-10,Alatau,3,75.7,7.0,12,1976.0,panel,2.54,32760000.0,False
ALM-10503,2026-01-10,Almaly,1,41.2,4.0,12,1972.0,panel,2.63,35490000.0,False
ALM-10760,2026-01-10,Auezov,2,62.1,14.0,16,2013.0,monolith,2.94,42460000.0,False
ALM-10847,2026-01-11,Bostandyk,2,61.7,5.0,5,1975.0,brick,2.88,53910000.0,False
ALM-10703,2026-01-11,Alatau,2,51.5,3.0,25,2007.0,monolith,2.94,28690000.0,False
ALM-10648,2026-01-11,Nauryzbay,4,112.3,18.0,25,2021.0,monolith,2.98,62870000.0,True
ALM-10365,2026-01-11,Bostandyk,4,106.5,1.0,5,1969.0,brick,3.12,88320000.0,False
ALM-10389,2026-01-11,Turksib,2,64.8,1.0,9,1980.0,panel,2.6,26670000.0,False
ALM-10715,2026-01-11,Almaly,1,33.8,3.0,5,1996.0,brick,2.74,28090000.0,False
ALM-10764,2026-01-13,Medeu,3,76.9,1.0,5,1958.0,brick,2.7,86140000.0,False
ALM-10175,2026-01-13,Turksib,1,47.9,4.0,5,1968.0,panel,2.64,22550000.0,False
ALM-10939,2026-01-13,Turksib,3,79.7,,5,1966.0,panel,2.67,41100000.0,False
ALM-10946,2026-01-14,Nauryzbay,1,43.0,2.0,5,1980.0,panel,,19890000.0,False
ALM-10708,2026-01-14,Alatau,1,38.2,6.0,9,1972.0,brick,2.83,17940000.0,False
ALM-11070,2026-01-14,Bostandyk,2,59.1,7.0,9,2011.0,monolith,2.82,59020000.0,False
ALM-10348,2026-01-14,Alatau,2,61.3,4.0,5,1974.0,brick,3.15,34470000.0,False
ALM-10520,2026-01-14,Almaly,2,50.3,1.0,3,1995.0,brick,3.17,55060000.0,False
ALM-10962,2026-01-14,Medeu,3,77.0,11.0,20,2012.0,monolith,2.96,94030000.0,False
ALM-10343,2026-01-15,Nauryzbay,2,58.9,3.0,16,,monolith,2.76,25510000.0,False
ALM-11030,2026-01-15,Nauryzbay,3,85.5,3.0,12,2023.0,monolith,2.88,42940000.0,False
ALM-11048,2026-01-15,Turksib,2,49.9,4.0,9,1989.0,panel,2.56,24430000.0,False
ALM-10598,2026-01-15,Zhetysu,2,60.9,10.0,12,1991.0,panel,2.51,35380000.0,False
ALM-11008,2026-01-15,Auezov,3,87.0,9.0,9,1966.0,panel,,47240000.0,False
ALM-10171,2026-01-15,Medeu,1,39.6,3.0,9,1964.0,brick,3.2,45690000.0,False
ALM-10225,2026-01-15,Nauryzbay,2,50.1,7.0,9,1970.0,brick,3.02,24600000.0,False
ALM-10791,2026-01-16,Nauryzbay,3,83.8,,5,1983.0,brick,3.16,40170000.0,False
ALM-10824,2026-01-16,Turksib,3,61.2,10.0,12,1985.0,panel,2.62,30490000.0,False
ALM-10054,2026-01-16,Medeu,0,30.9,2.0,12,1983.0,panel,2.62,24480000.0,False
ALM-10987,2026-01-17,Bostandyk,3,100.9,2.0,5,1953.0,brick,2.72,96760000.0,False
ALM-10121,2026-01-17,Medeu,1,40.9,10.0,12,1986.0,panel,2.67,38610000.0,False
ALM-10774,2026-01-17,Auezov,4,98.5,5.0,5,1952.0,brick,2.79,59540000.0,False
ALM-10434,2026-01-17,Turksib,4,119.5,17.0,20,2018.0,monolith,2.94,73800000.0,True
ALM-10649,2026-01-17,Almaly,2,44.1,3.0,4,1976.0,brick,,44740000.0,False
ALM-10566,2026-01-18,Bostandyk,2,69.2,4.0,5,2000.0,brick,2.94,70120000.0,False
ALM-11162,2026-01-19,Alatau,2,73.0,5.0,12,2010.0,monolith,2.97,42980000.0,False
ALM-11185,2026-01-19,Bostandyk,0,32.1,4.0,4,1961.0,brick,3.05,32280000.0,False
ALM-10394,2026-01-19,Turksib,2,50.4,14.0,20,2021.0,monolith,2.81,28250000.0,False
ALM-10009,2026-01-19,Medeu,1,33.4,2.0,9,1992.0,brick,3.19,39400000.0,False
ALM-10489,2026-01-19,Almaly,1,34.6,4.0,5,2004.0,brick,3.16,33030000.0,False
ALM-10357,2026-01-19,Auezov,1,39.8,6.0,9,1986.0,brick,2.96,26130000.0,False
ALM-10142,2026-01-20,Almaly,1,38.7,1.0,5,1978.0,panel,2.61,31680000.0,False
ALM-10920,2026-01-20,Alatau,2,48.8,3.0,5,1999.0,brick,,24630000.0,False
ALM-10366,2026-01-20,Turksib,3,94.6,3.0,20,2024.0,monolith,2.91,53380000.0,False
ALM-10204,2026-01-20,Almaly,1,38.7,8.0,12,1977.0,panel,2.67,33930000.0,False
ALM-10037,2026-01-20,Medeu,2,49.8,3.0,5,1979.0,panel,2.62,55580000.0,False
ALM-10906,2026-01-20,Turksib,2,55.5,22.0,25,2018.0,monolith,2.92,35880000.0,False
ALM-10709,2026-01-20,Medeu,1,43.4,4.0,5,1980.0,panel,2.68,37450000.0,False
ALM-10994,2026-01-20,Almaly,4,95.0,5.0,5,,brick,2.81,82910000.0,False
ALM-10807,2026-01-20,Bostandyk,2,60.5,1.0,20,2007.0,monolith,2.76,61590000.0,False
ALM-10039,2026-01-21,Turksib,3,88.6,3.0,5,1979.0,brick,2.73,43420000.0,False
ALM-10285,2026-01-21,Turksib,2,46.7,5.0,9,,panel,2.52,21780000.0,False
ALM-10279,2026-01-21,Turksib,1,34.7,2.0,16,2008.0,monolith,2.83,20780000.0,False
ALM-10399,2026-01-21,Nauryzbay,1,38.9,1.0,9,2011.0,monolith,2.81,19610000.0,False
ALM-10902,2026-01-22,Alatau,2,50.9,3.0,9,2023.0,monolith,2.84,25410000.0,False
ALM-10281,2026-01-22,Nauryzbay,3,89.6,2.0,5,1967.0,panel,2.55,36840000.0,False
ALM-10811,2026-01-22,Nauryzbay,2,62.1,6.0,9,1967.0,panel,2.53,25170000.0,False
ALM-10165,2026-01-22,Medeu,2,53.8,4.0,16,2016.0,monolith,2.92,69630000.0,False
ALM-10670,2026-01-22,Zhetysu,3,64.3,1.0,16,,monolith,2.99,40040000.0,False
ALM-10691,2026-01-23,Nauryzbay,2,52.2,21.0,25,2016.0,monolith,2.95,29510000.0,False
ALM-10892,2026-01-23,Alatau,1,45.2,6.0,9,1969.0,brick,3.08,22330000.0,False
ALM-10252,2026-01-23,Turksib,5,133.0,3.0,5,1964.0,panel,2.55,65300000.0,True
ALM-11083,2026-01-24,Zhetysu,2,69.7,1.0,3,1973.0,brick,2.89,49580000.0,False
ALM-10077,2026-01-24,Medeu,4,111.3,,5,1963.0,panel,2.51,95000000.0,False
ALM-10443,2026-01-24,Auezov,2,52.6,4.0,12,1965.0,panel,2.67,40070000.0,False
ALM-10825,2026-01-24,Nauryzbay,1,30.9,4.0,9,2023.0,monolith,2.89,15730000.0,False
ALM-10826,2026-01-24,Alatau,2,67.3,7.0,9,,brick,,37830000.0,False
ALM-10179,2026-01-24,Medeu,1,34.6,18.0,25,2014.0,monolith,2.86,48720000.0,False
ALM-10862,2026-01-24,Zhetysu,3,81.9,3.0,9,1971.0,panel,2.63,54990000.0,False
ALM-10113,2026-01-24,Nauryzbay,3,81.4,11.0,12,1967.0,panel,2.58,33820000.0,False
ALM-10406,2026-01-25,Bostandyk,0,27.5,10.0,25,2015.0,monolith,2.85,32770000.0,False
ALM-10409,2026-01-25,Auezov,2,67.9,6.0,9,2018.0,monolith,2.99,45830000.0,False
ALM-10280,2026-01-25,Turksib,3,69.0,2.0,5,,brick,,42420000.0,False
ALM-10525,2026-01-25,Turksib,2,63.5,4.0,5,1958.0,brick,2.95,34710000.0,False
ALM-10419,2026-01-25,Medeu,2,46.6,2.0,20,,monolith,2.74,49630000.0,False
ALM-10450,2026-01-25,Alatau,1,39.9,3.0,5,1962.0,panel,2.53,16170000.0,False
ALM-10684,2026-01-26,Bostandyk,4,94.2,2.0,5,1962.0,panel,2.52,85210000.0,False
ALM-10632,2026-01-26,Zhetysu,3,76.8,2.0,3,1953.0,brick,2.92,52760000.0,False
ALM-10998,2026-01-26,Medeu,3,75.5,2.0,12,1975.0,panel,2.69,66510000.0,False
ALM-10314,2026-01-26,Zhetysu,1,35.7,5.0,5,1985.0,brick,,21000000.0,False
ALM-10407,2026-01-26,Turksib,1,34.3,4.0,9,1952.0,brick,3.09,20110000.0,False
ALM-10687,2026-01-26,Zhetysu,2,49.2,20.0,20,2011.0,monolith,2.71,31180000.0,False
ALM-10478,2026-01-27,Alatau,3,68.1,4.0,9,,panel,2.64,31650000.0,False
ALM-10189,2026-01-27,Medeu,2,58.8,8.0,9,1978.0,brick,,59850000.0,False
ALM-10027,2026-01-27,Medeu,3,86.7,12.0,12,,monolith,2.9,100420000.0,False
ALM-10662,2026-01-27,Zhetysu,4,77.4,12.0,16,2010.0,monolith,2.96,53280000.0,False
ALM-10176,2026-01-28,Medeu,3,54.7,6.0,9,1988.0,brick,3.13,66000000.0,False
ALM-10666,2026-01-28,Medeu,1,42.1,5.0,5,1980.0,panel,2.54,37940000.0,False
ALM-10079,2026-01-28,Bostandyk,3,86.6,1.0,4,1960.0,brick,2.89,77810000.0,False
ALM-10084,2026-01-29,Zhetysu,3,73.0,12.0,12,1983.0,panel,,42730000.0,False
ALM-10361,2026-01-29,Nauryzbay,1,36.4,2.0,20,2008.0,monolith,2.81,21150000.0,False
ALM-10538,2026-01-29,Auezov,2,45.7,5.0,5,2002.0,brick,2.85,28140000.0,False
ALM-10523,2026-01-29,Nauryzbay,2,66.3,2.0,4,1998.0,brick,,31020000.0,False
ALM-10851,2026-01-29,Nauryzbay,2,58.6,,12,1988.0,panel,,25280000.0,False
ALM-10016,2026-01-29,Auezov,1,39.7,13.0,25,2022.0,monolith,2.8,32100000.0,False
ALM-10277,2026-01-29,Bostandyk,2,49.2,9.0,12,1989.0,panel,2.64,41630000.0,False
ALM-10904,2026-01-29,Zhetysu,3,77.2,1.0,12,2016.0,monolith,2.79,48380000.0,False
ALM-10518,2026-01-30,Bostandyk,0,32.4,11.0,12,1977.0,panel,2.65,28940000.0,False
ALM-10422,2026-01-30,Turksib,2,54.5,25.0,25,2008.0,monolith,2.8,32330000.0,False
ALM-10702,2026-01-30,Nauryzbay,4,105.9,9.0,9,1990.0,panel,2.67,47130000.0,False
ALM-10456,2026-01-30,Almaly,3,61.5,3.0,5,2000.0,brick,2.85,57960000.0,False
ALM-10759,2026-01-30,Alatau,2,56.8,7.0,9,2012.0,monolith,2.98,29550000.0,False
ALM-11032,2026-01-30,Auezov,2,57.0,4.0,9,1962.0,panel,2.67,37740000.0,False
ALM-10930,2026-01-30,Medeu,1,45.8,4.0,5,1971.0,panel,2.63,45000000.0,False
ALM-11094,2026-01-31,Auezov,4,93.1,1.0,12,1989.0,panel,2.66,49560000.0,False
ALM-11010,2026-01-31,Bostandyk,2,48.2,7.0,9,1982.0,panel,2.63,38740000.0,False
ALM-10739,2026-01-31,Auezov,3,73.8,1.0,9,2005.0,brick,3.15,47730000.0,False
ALM-10835,2026-01-31,Auezov,1,46.6,7.0,9,2017.0,monolith,2.91,36150000.0,False
ALM-10556,2026-01-31,Medeu,2,59.4,2.0,3,1997.0,brick,3.12,67920000.0,False
ALM-10328,2026-01-31,Almaly,4,112.0,12.0,16,2006.0,monolith,2.81,125100000.0,True
ALM-10737,2026-01-31,Almaly,1,43.7,4.0,9,1982.0,brick,,42410000.0,False
ALM-11041,2026-02-01,Nauryzbay,3,95.4,3.0,12,1968.0,panel,,43050000.0,False
ALM-10787,2026-02-01,Alatau,4,103.2,5.0,5,1990.0,panel,2.53,46030000.0,False
ALM-11171,2026-02-01,Auezov,4,107.4,1.0,5,1982.0,panel,2.61,57370000.0,False
ALM-10155,2026-02-01,Turksib,3,84.7,1.0,5,1974.0,panel,2.53,33680000.0,False
ALM-10785,2026-02-01,Almaly,2,49.9,16.0,20,2024.0,monolith,2.93,52330000.0,False
ALM-10885,2026-02-01,Almaly,4,111.0,9.0,25,2023.0,monolith,2.83,118740000.0,True
ALM-10164,2026-02-01,Almaly,2,51.9,1.0,5,2001.0,brick,2.78,45480000.0,False
ALM-10693,2026-02-02,Turksib,4,89.6,12.0,12,1970.0,panel,,38470000.0,False
ALM-10944,2026-02-02,Bostandyk,4,92.0,,3,,brick,2.84,77390000.0,False
ALM-11079,2026-02-03,Turksib,2,54.6,18.0,20,2017.0,monolith,2.89,32060000.0,False
ALM-10152,2026-02-03,Medeu,1,41.0,8.0,12,,panel,2.52,34700000.0,False
ALM-10350,2026-02-03,Auezov,2,54.0,12.0,12,1965.0,panel,,32620000.0,False
ALM-10501,2026-02-04,Medeu,2,51.3,4.0,5,1975.0,panel,,51420000.0,False
ALM-10151,2026-02-04,Turksib,3,86.7,9.0,16,2019.0,monolith,2.74,50250000.0,False
ALM-10779,2026-02-05,Auezov,3,87.0,1.0,5,1972.0,panel,2.51,41500000.0,False
ALM-11150,2026-02-05,Zhetysu,3,72.4,2.0,3,1977.0,brick,3.09,50990000.0,False
ALM-11089,2026-02-05,Zhetysu,2,48.8,5.0,9,2018.0,monolith,2.78,34000000.0,False
ALM-10408,2026-02-05,Almaly,4,102.1,12.0,25,2011.0,monolith,2.71,91510000.0,False
ALM-10335,2026-02-06,Turksib,2,45.3,8.0,12,1963.0,panel,2.55,22610000.0,False
ALM-11043,2026-02-06,Medeu,3,63.0,6.0,9,1965.0,brick,2.95,74790000.0,False
ALM-10276,2026-02-06,Turksib,2,60.4,15.0,16,2008.0,monolith,2.99,33630000.0,False
ALM-10682,2026-02-07,Nauryzbay,4,113.8,1.0,9,2012.0,monolith,2.73,63580000.0,True
ALM-10537,2026-02-07,Zhetysu,1,42.0,2.0,5,1979.0,brick,3.0,25920000.0,False
ALM-11164,2026-02-07,Turksib,2,42.5,12.0,12,1980.0,panel,2.51,17260000.0,False
ALM-10188,2026-02-07,Turksib,1,36.1,10.0,12,1981.0,panel,2.59,13930000.0,False
ALM-10795,2026-02-08,Almaly,2,59.8,4.0,9,1974.0,panel,2.65,44280000.0,False
ALM-10863,2026-02-08,Zhetysu,2,53.1,4.0,4,1954.0,brick,,31650000.0,False
ALM-10056,2026-02-08,Bostandyk,4,107.2,9.0,9,2006.0,monolith,2.81,101060000.0,False
ALM-10134,2026-02-08,Medeu,2,60.0,5.0,5,1989.0,panel,2.53,45600000.0,False
ALM-10572,2026-02-08,Auezov,1,43.3,4.0,5,1987.0,panel,2.62,23060000.0,False
ALM-10534,2026-02-09,Medeu,5,136.1,3.0,5,1972.0,panel,2.61,159220000.0,True
ALM-10405,2026-02-10,Turksib,1,356.0,5.0,5,1953.0,brick,,18830000.0,False
ALM-10735,2026-02-10,Zhetysu,1,32.9,16.0,25,2024.0,monolith,2.93,22760000.0,False
ALM-11096,2026-02-10,Nauryzbay,1,36.7,5.0,9,2014.0,monolith,2.91,20400000.0,False
ALM-10310,2026-02-10,Turksib,2,51.2,3.0,9,1989.0,panel,,22020000.0,False
ALM-10509,2026-02-10,Bostandyk,2,54.6,20.0,20,2017.0,monolith,2.82,60670000.0,False
ALM-10180,2026-02-10,Turksib,1,32.7,3.0,5,1988.0,brick,2.92,17070000.0,False
ALM-10491,2026-02-10,Nauryzbay,3,77.4,1.0,25,2019.0,monolith,2.75,37960000.0,False
ALM-10271,2026-02-11,Turksib,3,79.1,3.0,9,2018.0,monolith,2.74,46770000.0,False
ALM-10238,2026-02-11,Medeu,3,61.3,3.0,4,1997.0,brick,3.02,63840000.0,False
ALM-10686,2026-02-11,Nauryzbay,2,56.0,2.0,4,1964.0,brick,2.88,25730000.0,False
ALM-10100,2026-02-11,Medeu,1,36.4,2.0,4,,brick,2.74,37920000.0,False
ALM-10794,2026-02-11,Turksib,4,79.6,3.0,3,2004.0,brick,2.78,40680000.0,False
ALM-10380,2026-02-11,Alatau,1,35.0,9.0,9,2010.0,monolith,2.72,21010000.0,False
ALM-10107,2026-02-11,Zhetysu,3,72.6,9.0,9,1977.0,panel,,36480000.0,False
ALM-11193,2026-02-12,Auezov,2,55.7,6.0,12,1981.0,panel,2.51,31900000.0,False
ALM-10665,2026-02-12,Bostandyk,2,67.4,2.0,12,1985.0,panel,2.68,60270000.0,False
ALM-10834,2026-02-12,Turksib,2,47.7,2.0,20,2024.0,monolith,2.77,28430000.0,False
ALM-10625,2026-02-12,Medeu,2,50.7,10.0,20,2008.0,monolith,2.74,66270000.0,False
ALM-10258,2026-02-12,Nauryzbay,1,40.2,12.0,20,2021.0,monolith,2.87,22930000.0,False
ALM-10722,2026-02-12,Nauryzbay,4,106.6,4.0,9,1988.0,panel,2.62,46670000.0,False
ALM-10571,2026-02-12,Medeu,2,67.3,1.0,5,1979.0,panel,2.66,60190000.0,False
ALM-10211,2026-02-13,Bostandyk,2,44.0,2.0,5,2003.0,brick,3.08,46010000.0,False
ALM-10081,2026-02-13,Turksib,2,48.2,1.0,12,2022.0,monolith,2.87,23610000.0,False
ALM-10669,2026-02-13,Auezov,3,73.2,5.0,25,2012.0,monolith,2.81,56810000.0,False
ALM-10459,2026-02-13,Medeu,2,53.3,1.0,5,1987.0,panel,,40200000.0,False
ALM-10943,2026-02-14,Alatau,3,90.7,3.0,9,1978.0,panel,,39280000.0,False
ALM-10425,2026-02-14,Auezov,3,79.0,6.0,9,2019.0,monolith,2.7,59820000.0,False
ALM-10162,2026-02-14,Medeu,4,103.3,6.0,9,1972.0,panel,,97980000.0,False
ALM-10821,2026-02-15,Almaly,1,38.3,7.0,12,,monolith,2.96,40170000.0,False
ALM-10247,2026-02-15,Almaly,2,49.3,3.0,3,1954.0,brick,2.77,39110000.0,False
ALM-10926,2026-02-15,Turksib,3,73.1,3.0,5,1989.0,panel,2.64,36070000.0,False
ALM-10728,2026-02-15,Medeu,4,99.0,1.0,5,1975.0,brick,2.9,96240000.0,False
ALM-10011,2026-02-15,Turksib,2,46.7,5.0,9,2019.0,monolith,2.87,30260000.0,False
ALM-10457,2026-02-16,Medeu,0,27.9,3.0,12,1973.0,panel,2.55,30560000.0,False
ALM-11187,2026-02-16,Almaly,3,75.6,2.0,4,1964.0,brick,2.86,72060000.0,False
ALM-10969,2026-02-16,Auezov,3,91.0,19.0,20,2016.0,monolith,2.76,65540000.0,False
ALM-10199,2026-02-16,Almaly,2,72.4,2.0,12,1984.0,panel,2.63,49740000.0,False
ALM-11058,2026-02-16,Auezov,2,50.4,1.0,9,1969.0,panel,2.51,23870000.0,False
ALM-10917,2026-02-16,Alatau,2,66.7,12.0,12,1978.0,panel,2.51,29930000.0,False
ALM-10336,2026-02-16,Almaly,2,47.0,20.0,20,2013.0,monolith,,51110000.0,False
ALM-11122,2026-02-17,Zhetysu,2,64.7,4.0,12,1976.0,panel,2.59,40670000.0,False
ALM-10720,2026-02-17,Turksib,3,80.3,5.0,5,1992.0,panel,2.53,36510000.0,False
ALM-10874,2026-02-17,Auezov,2,64.5,2.0,9,1964.0,brick,2.83,40970000.0,False
ALM-11051,2026-02-18,Nauryzbay,3,64.0,13.0,16,2021.0,monolith,3.0,31780000.0,False
ALM-11173,2026-02-18,Zhetysu,3,79.4,13.0,20,2020.0,monolith,2.77,48570000.0,False
ALM-11128,2026-02-18,Almaly,4,145.9,8.0,12,2007.0,monolith,2.86,148590000.0,True
ALM-10272,2026-02-18,Alatau,2,43.3,9.0,9,1987.0,panel,2.65,20690000.0,False
ALM-10430,2026-02-18,Bostandyk,3,88.0,4.0,4,1976.0,brick,3.01,86940000.0,False
ALM-10948,2026-02-19,Zhetysu,2,56.5,10.0,12,,monolith,2.85,41470000.0,False
ALM-11093,2026-02-19,Zhetysu,2,54.7,2.0,5,1991.0,panel,2.55,31550000.0,False
ALM-11110,2026-02-20,Almaly,1,37.8,10.0,12,1969.0,panel,2.7,27640000.0,False
ALM-10132,2026-02-20,Nauryzbay,2,56.8,1.0,9,2021.0,monolith,2.93,27960000.0,False
ALM-11133,2026-02-20,Medeu,1,49.3,3.0,9,1970.0,panel,,45090000.0,False
ALM-10742,2026-02-21,Turksib,3,77.5,2.0,9,1962.0,panel,2.65,39840000.0,False
ALM-10803,2026-02-21,Medeu,3,85.9,9.0,9,2019.0,monolith,2.99,103440000.0,False
ALM-11188,2026-02-21,Turksib,3,86.8,12.0,12,1971.0,panel,2.6,35130000.0,False
ALM-10727,2026-02-22,Turksib,3,70.2,2.0,12,2021.0,monolith,2.81,33710000.0,False
ALM-10941,2026-02-22,Bostandyk,1,35.0,1.0,3,2002.0,brick,,31720000.0,False
ALM-10861,2026-02-23,Bostandyk,3,91.0,1.0,9,2012.0,monolith,2.85,92180000.0,False
ALM-10800,2026-02-23,Alatau,2,54.9,3.0,9,1966.0,panel,2.67,22750000.0,False
ALM-11001,2026-02-23,Auezov,4,75.6,6.0,12,2013.0,monolith,2.8,54660000.0,False
ALM-11194,2026-02-23,Turksib,2,53.0,6.0,12,2007.0,monolith,,35120000.0,False
ALM-10068,2026-02-23,Auezov,2,48.8,4.0,9,1991.0,panel,2.57,32730000.0,False
ALM-10957,2026-02-24,Medeu,2,54.8,8.0,20,2023.0,monolith,2.84,67060000.0,False
ALM-11146,2026-02-24,Almaly,2,41.8,14.0,25,2006.0,monolith,2.79,43860000.0,False
ALM-11009,2026-02-25,Nauryzbay,2,56.8,4.0,12,2024.0,monolith,3.0,35070000.0,False
ALM-10078,2026-02-25,Zhetysu,4,111.7,16.0,16,2011.0,monolith,2.71,80880000.0,False
ALM-10237,2026-02-25,Bostandyk,1,45.0,6.0,16,2023.0,monolith,2.78,46460000.0,False
ALM-10642,2026-02-25,Zhetysu,0,31.9,4.0,5,1960.0,brick,2.89,21470000.0,False
ALM-11090,2026-02-25,Turksib,2,50.1,2.0,12,1983.0,panel,2.57,23210000.0,False
ALM-10891,2026-02-25,Turksib,1,34.3,2.0,4,,brick,2.79,17760000.0,False
ALM-10725,2026-02-26,Alatau,2,58.3,5.0,12,1992.0,panel,2.66,28320000.0,False
ALM-10937,2026-02-26,Medeu,4,103.5,1.0,5,1993.0,brick,2.91,103530000.0,False
ALM-10532,2026-02-26,Bostandyk,3,81.6,7.0,9,1983.0,panel,2.68,70450000.0,False
ALM-11084,2026-02-26,Nauryzbay,2,59.6,9.0,9,1969.0,panel,2.67,26560000.0,False
ALM-11073,2026-02-27,Alatau,2,48.4,1.0,4,1995.0,brick,3.0,22300000.0,False
ALM-10935,2026-02-27,Auezov,2,54.7,7.0,12,2010.0,monolith,2.85,41240000.0,False
ALM-10059,2026-02-27,Bostandyk,2,59.4,3.0,5,1973.0,panel,2.68,54620000.0,False
ALM-10308,2026-02-27,Alatau,2,55.0,3.0,3,2004.0,brick,3.1,26040000.0,False
ALM-10159,2026-02-27,Medeu,1,36.4,12.0,16,,monolith,2.86,48000000.0,False
ALM-10451,2026-02-27,Auezov,1,41.8,3.0,5,1990.0,panel,,25310000.0,False
ALM-10148,2026-02-28,Auezov,2,45.4,4.0,12,1973.0,panel,2.62,24750000.0,False
ALM-10411,2026-03-01,Bostandyk,3,75.9,2.0,4,1992.0,brick,,80510000.0,False
ALM-10072,2026-03-01,Medeu,2,53.0,9.0,20,,monolith,2.96,64270000.0,False
ALM-10539,2026-03-01,Medeu,1,28.5,5.0,5,1970.0,panel,2.62,24220000.0,False
ALM-10749,2026-03-02,Zhetysu,4,101.2,14.0,25,2019.0,monolith,2.93,63110000.0,False
ALM-11035,2026-03-02,Medeu,3,78.0,5.0,25,2013.0,monolith,2.87,98780000.0,False
ALM-10772,2026-03-02,Zhetysu,2,53.1,1.0,5,1990.0,panel,2.58,32740000.0,False
ALM-10805,2026-03-03,Zhetysu,4,90.3,3.0,12,1965.0,panel,2.6,57490000.0,False
ALM-10923,2026-03-03,Nauryzbay,2,58.7,10.0,12,1966.0,panel,,24680000.0,False
ALM-11092,2026-03-03,Medeu,3,61.9,6.0,12,2018.0,monolith,2.79,70060000.0,False
ALM-10872,2026-03-03,Nauryzbay,2,62.1,2.0,5,1992.0,panel,,26140000.0,False
ALM-10294,2026-03-03,Medeu,1,33.1,12.0,12,1966.0,panel,2.65,25880000.0,False
ALM-10502,2026-03-03,Bostandyk,1,34.0,3.0,3,,brick,2.74,31770000.0,False
ALM-10438,2026-03-03,Medeu,4,96.7,4.0,4,1978.0,brick,3.1,124040000.0,False
ALM-10606,2026-03-04,Bostandyk,1,44.2,1.0,9,,panel,,34370000.0,False
ALM-10954,2026-03-04,Almaly,2,59.4,7.0,20,2024.0,monolith,3.0,69510000.0,False
ALM-10196,2026-03-04,Nauryzbay,5,133.3,3.0,3,1980.0,brick,3.07,60570000.0,True
ALM-10195,2026-03-04,Auezov,2,64.0,3.0,9,1987.0,brick,3.19,39780000.0,False
ALM-10464,2026-03-04,Almaly,3,72.9,2.0,9,1990.0,panel,2.7,62340000.0,False
ALM-10704,2026-03-04,Auezov,2,61.3,6.0,9,1979.0,panel,2.66,38710000.0,False
ALM-11178,2026-03-04,Bostandyk,3,79.2,3.0,9,2007.0,monolith,2.9,86550000.0,False
ALM-10479,2026-03-05,Almaly,3,90.3,10.0,16,2007.0,monolith,2.74,100750000.0,False
ALM-10884,2026-03-05,Medeu,3,88.3,1.0,5,1959.0,brick,2.84,106700000.0,False
ALM-10131,2026-03-06,Almaly,1,43.3,2.0,3,1980.0,brick,2.98,41520000.0,False
ALM-10001,2026-03-06,Zhetysu,3,69.8,9.0,9,1975.0,panel,2.56,34170000.0,False
ALM-11034,2026-03-06,Medeu,3,78.5,6.0,12,1972.0,panel,2.63,86070000.0,False
ALM-10710,2026-03-06,Auezov,0,32.4,1.0,5,1969.0,panel,2.6,18160000.0,False
ALM-10169,2026-03-06,Turksib,1,37.8,6.0,12,1981.0,panel,2.62,21060000.0,False
ALM-10848,2026-03-06,Turksib,2,37.5,9.0,16,2017.0,monolith,2.84,19960000.0,False
ALM-10091,2026-03-06,Medeu,2,49.1,5.0,9,2024.0,monolith,3.0,56920000.0,False
ALM-11106,2026-03-07,Alatau,3,82.8,8.0,9,2022.0,monolith,2.91,40640000.0,False
ALM-10367,2026-03-07,Alatau,2,55.5,8.0,12,1982.0,panel,2.68,23620000.0,False
ALM-10621,2026-03-07,Zhetysu,4,98.0,5.0,5,1990.0,brick,,51830000.0,False
ALM-10066,2026-03-07,Medeu,2,62.2,8.0,9,2017.0,monolith,2.81,72490000.0,False
ALM-10558,2026-03-08,Bostandyk,1,35.6,5.0,5,1974.0,panel,2.54,30140000.0,False
ALM-10153,2026-03-08,Medeu,4,123.5,1.0,4,2005.0,brick,3.17,132920000.0,False
ALM-10763,2026-03-08,Alatau,3,75.9,23.0,25,2014.0,monolith,2.75,43940000.0,False
ALM-10694,2026-03-08,Turksib,2,57.5,4.0,12,2007.0,monolith,2.87,32790000.0,False
ALM-10156,2026-03-08,Bostandyk,3,65.9,1.0,3,,brick,2.98,54990000.0,False
ALM-10865,2026-03-08,Zhetysu,2,53.5,6.0,9,1968.0,panel,2.58,24860000.0,False
ALM-10886,2026-03-08,Medeu,4,95.1,2.0,5,1974.0,panel,,97390000.0,False
ALM-10398,2026-03-09,Auezov,2,62.5,11.0,25,2015.0,monolith,2.8,44570000.0,False
ALM-10269,2026-03-09,Auezov,2,60.8,2.0,20,,monolith,2.98,44690000.0,False
ALM-10174,2026-03-09,Bostandyk,3,79.6,4.0,9,,panel,2.55,66790000.0,False
ALM-11004,2026-03-09,Zhetysu,2,55.9,1.0,4,1991.0,brick,3.04,37460000.0,False
ALM-10612,2026-03-10,Auezov,4,117.7,8.0,9,1984.0,brick,3.02,89990000.0,True
ALM-10359,2026-03-10,Zhetysu,1,44.8,14.0,16,2020.0,monolith,2.77,31820000.0,False
ALM-10048,2026-03-10,Zhetysu,2,59.5,9.0,25,2008.0,monolith,2.83,43240000.0,False
ALM-10701,2026-03-10,Auezov,4,104.6,1.0,9,1952.0,brick,2.9,71160000.0,False
ALM-10468,2026-03-10,Medeu,4,93.8,1.0,4,1955.0,brick,3.17,93130000.0,False
ALM-11031,2026-03-11,Turksib,3,70.6,2.0,5,2001.0,brick,3.1,39150000.0,False
ALM-10413,2026-03-11,Medeu,3,81.0,11.0,16,2018.0,monolith,2.92,89740000.0,False
ALM-10067,2026-03-11,Almaly,2,54.6,1.0,12,,monolith,2.97,50060000.0,False
ALM-10638,2026-03-11,Medeu,1,44.6,3.0,3,1981.0,brick,2.79,40250000.0,False
ALM-10975,2026-03-11,Alatau,3,73.1,11.0,12,1992.0,panel,2.55,30950000.0,False
ALM-10262,2026-03-12,Zhetysu,1,44.8,19.0,20,,monolith,2.83,31060000.0,False
ALM-10332,2026-03-12,Medeu,2,57.0,8.0,9,1963.0,brick,3.06,68130000.0,False
ALM-10721,2026-03-12,Bostandyk,3,80.1,18.0,20,2012.0,monolith,2.95,85880000.0,False
ALM-10044,2026-03-13,Medeu,1,40.4,,25,2022.0,monolith,2.79,52430000.0,False
ALM-10770,2026-03-13,Bostandyk,1,40.0,18.0,20,2022.0,monolith,2.89,48270000.0,False
ALM-11040,2026-03-13,Nauryzbay,2,65.5,7.0,12,,panel,2.69,31240000.0,False
ALM-10660,2026-03-14,Zhetysu,1,45.9,5.0,9,1972.0,panel,2.51,28510000.0,False
ALM-10055,2026-03-14,Zhetysu,1,46.8,9.0,9,1957.0,brick,2.81,27140000.0,False
ALM-10201,2026-03-14,Medeu,3,70.5,1.0,12,2023.0,monolith,2.92,77740000.0,False
ALM-10070,2026-03-15,Nauryzbay,2,54.4,8.0,9,1965.0,panel,2.67,23350000.0,False
ALM-10105,2026-03-15,Bostandyk,2,61.9,11.0,12,2013.0,monolith,2.98,73030000.0,False
ALM-10586,2026-03-15,Medeu,2,57.6,4.0,12,1966.0,panel,2.52,60430000.0,False
ALM-10410,2026-03-15,Almaly,3,76.4,7.0,9,1972.0,panel,2.58,55640000.0,False
ALM-10414,2026-03-15,Almaly,3,77.4,6.0,9,1963.0,panel,2.65,61650000.0,False
ALM-10429,2026-03-16,Almaly,2,58.9,3.0,9,1965.0,brick,2.89,54740000.0,False
ALM-10337,2026-03-16,Medeu,2,57.6,9.0,9,2019.0,monolith,2.95,62570000.0,False
ALM-11195,2026-03-16,Zhetysu,3,75.2,9.0,9,1989.0,brick,2.75,41760000.0,False
ALM-10557,2026-03-17,Bostandyk,1,37.9,6.0,9,1969.0,panel,,28180000.0,False
ALM-10527,2026-03-17,Nauryzbay,1,35.1,6.0,9,2007.0,monolith,2.82,19490000.0,False
ALM-10030,2026-03-17,Turksib,3,88.1,11.0,12,2017.0,monolith,,53370000.0,False
ALM-11161,2026-03-18,Alatau,3,87.5,2.0,3,2002.0,brick,2.79,45200000.0,False
ALM-11183,2026-03-18,Zhetysu,2,69.8,1.0,9,,panel,2.54,33260000.0,False
ALM-11087,2026-03-18,Bostandyk,2,43.6,5.0,5,1955.0,brick,3.17,38350000.0,False
ALM-11088,2026-03-18,Bostandyk,3,94.5,3.0,20,2008.0,monolith,2.99,98390000.0,False
ALM-10379,2026-03-18,Nauryzbay,2,55.1,4.0,5,1971.0,panel,2.69,24520000.0,False
ALM-10338,2026-03-18,Alatau,3,69.0,3.0,5,1973.0,panel,2.58,30360000.0,False
ALM-11127,2026-03-18,Alatau,2,56.4,17.0,25,2011.0,monolith,2.79,31660000.0,False
ALM-10589,2026-03-19,Zhetysu,1,38.7,5.0,12,2020.0,monolith,2.91,25840000.0,False
ALM-10899,2026-03-19,Zhetysu,2,61.1,9.0,9,1957.0,brick,2.94,36600000.0,False
ALM-10396,2026-03-19,Zhetysu,2,55.2,11.0,12,1969.0,panel,,31640000.0,False
ALM-10876,2026-03-20,Turksib,1,40.8,5.0,5,1966.0,panel,,17250000.0,False
ALM-11182,2026-03-20,Auezov,1,34.3,2.0,3,2004.0,brick,2.77,20080000.0,False
ALM-10827,2026-03-20,Bostandyk,2,61.5,12.0,25,2019.0,monolith,2.96,58640000.0,False
ALM-11155,2026-03-20,Auezov,3,71.8,7.0,16,2008.0,monolith,2.93,54240000.0,False
ALM-10743,2026-03-20,Bostandyk,3,82.2,1.0,5,1978.0,panel,2.55,69380000.0,False
ALM-10888,2026-03-20,Turksib,1,42.2,7.0,16,2020.0,monolith,2.78,25710000.0,False
ALM-10064,2026-03-20,Auezov,1,35.4,8.0,16,2008.0,monolith,2.98,25180000.0,False
ALM-10022,2026-03-21,Alatau,3,75.6,9.0,20,2023.0,monolith,3.0,49100000.0,False
ALM-10977,2026-03-21,Alatau,3,83.1,2.0,5,1970.0,panel,2.55,35720000.0,False
ALM-10712,2026-03-21,Nauryzbay,3,82.7,8.0,9,1952.0,brick,2.99,38830000.0,False
ALM-10971,2026-03-21,Alatau,3,79.6,1.0,5,1977.0,panel,2.53,33590000.0,False
ALM-11169,2026-03-21,Turksib,2,53.8,2.0,5,1982.0,panel,,27190000.0,False
ALM-11104,2026-03-22,Nauryzbay,2,48.9,4.0,5,1987.0,panel,2.51,19560000.0,False
ALM-10463,2026-03-22,Bostandyk,3,49.7,15.0,25,2023.0,monolith,2.8,45490000.0,False
ALM-10014,2026-03-22,Medeu,1,41.0,18.0,20,2016.0,monolith,,49000000.0,False
ALM-11180,2026-03-22,Zhetysu,3,79.8,6.0,16,2012.0,monolith,2.84,58040000.0,False
ALM-10963,2026-03-22,Alatau,4,112.0,5.0,20,2017.0,monolith,2.81,67380000.0,True
ALM-11199,2026-03-23,Medeu,2,55.5,7.0,16,2009.0,monolith,2.91,71300000.0,False
ALM-11184,2026-03-23,Bostandyk,3,83.0,8.0,12,1982.0,panel,2.55,91280000.0,False
ALM-10034,2026-03-23,Turksib,2,67.6,5.0,9,1961.0,brick,,43390000.0,False
ALM-10467,2026-03-23,Nauryzbay,1,37.8,3.0,4,1982.0,brick,3.19,19070000.0,False
ALM-10543,2026-03-23,Alatau,2,58.4,6.0,9,2023.0,monolith,2.97,37480000.0,False
ALM-11168,2026-03-23,Medeu,1,41.9,7.0,9,2015.0,monolith,2.77,40180000.0,False
ALM-10567,2026-03-23,Bostandyk,4,135.8,5.0,12,1974.0,panel,2.57,119960000.0,True
ALM-10869,2026-03-23,Auezov,2,63.8,2.0,5,1977.0,panel,,38350000.0,False
ALM-10495,2026-03-23,Medeu,1,34.8,7.0,9,1981.0,panel,2.62,26720000.0,False
ALM-10849,2026-03-24,Bostandyk,1,34.3,5.0,5,1986.0,brick,2.85,33720000.0,False
ALM-10500,2026-03-24,Zhetysu,1,37.3,1.0,5,,panel,2.54,17210000.0,False
ALM-10607,2026-03-24,Nauryzbay,1,36.7,10.0,20,2014.0,monolith,2.77,17520000.0,False
ALM-10714,2026-03-24,Turksib,2,54.9,8.0,9,1991.0,panel,2.56,29050000.0,False
ALM-10773,2026-03-24,Turksib,1,36.1,3.0,4,,brick,2.83,20630000.0,False
ALM-10465,2026-03-24,Nauryzbay,0,28.3,3.0,3,1995.0,brick,3.16,13850000.0,False
ALM-10103,2026-03-24,Zhetysu,3,70.3,20.0,25,2021.0,monolith,2.75,55370000.0,False
ALM-10354,2026-03-24,Turksib,1,40.5,6.0,16,,monolith,2.75,26060000.0,False
ALM-10499,2026-03-25,Alatau,2,58.0,1.0,3,1953.0,brick,3.19,28590000.0,False
ALM-10752,2026-03-25,Auezov,1,36.6,2.0,5,1986.0,panel,2.55,25420000.0,False
ALM-10388,2026-03-25,Nauryzbay,3,75.8,4.0,4,1973.0,brick,3.05,32370000.0,False
ALM-11075,2026-03-25,Bostandyk,1,42.0,3.0,4,1952.0,brick,3.02,42390000.0,False
ALM-10333,2026-03-26,Zhetysu,4,85.7,2.0,3,1981.0,brick,2.77,57080000.0,False
ALM-11057,2026-03-26,Alatau,2,52.6,14.0,16,2009.0,monolith,2.96,31490000.0,False
ALM-11077,2026-03-26,Zhetysu,1,36.4,12.0,12,2012.0,monolith,2.82,22940000.0,False
ALM-10867,2026-03-26,Auezov,0,31.3,10.0,25,2012.0,monolith,2.94,24080000.0,False
ALM-10630,2026-03-27,Alatau,4,116.2,8.0,12,1974.0,panel,,46720000.0,False
ALM-10573,2026-03-27,Auezov,3,73.9,5.0,9,2011.0,monolith,2.97,58940000.0,False
ALM-10629,2026-03-28,Medeu,3,68.5,8.0,16,2011.0,monolith,2.96,86560000.0,False
ALM-10471,2026-03-28,Bostandyk,2,55.8,4.0,4,1982.0,brick,3.18,45840000.0,False
ALM-10830,2026-03-28,Nauryzbay,2,57.3,3.0,3,1976.0,brick,2.95,30840000.0,False
ALM-10922,2026-03-28,Bostandyk,3,78.5,6.0,9,1984.0,panel,2.6,57380000.0,False
ALM-10953,2026-03-28,Auezov,2,45.7,6.0,20,2005.0,monolith,2.9,32890000.0,False
ALM-10753,2026-03-29,Almaly,3,76.7,14.0,16,2005.0,monolith,2.88,75370000.0,False
ALM-10221,2026-03-30,Alatau,3,77.3,3.0,9,1979.0,panel,2.67,32640000.0,False
ALM-10093,2026-03-30,Nauryzbay,2,67.8,1.0,9,1977.0,panel,2.59,25390000.0,False
ALM-10699,2026-03-30,Auezov,3,78.4,3.0,4,1987.0,brick,2.91,59510000.0,False
ALM-10564,2026-03-30,Bostandyk,2,55.5,3.0,20,2015.0,monolith,2.84,62610000.0,False
ALM-10076,2026-03-31,Nauryzbay,3,64.2,9.0,9,1966.0,panel,2.58,24480000.0,False
ALM-10092,2026-03-31,Almaly,3,85.5,1.0,5,1992.0,panel,2.59,64660000.0,False
ALM-10395,2026-03-31,Turksib,3,79.8,10.0,20,2006.0,monolith,2.9,56200000.0,False
ALM-10243,2026-03-31,Medeu,2,53.2,3.0,4,,brick,3.2,59790000.0,False
ALM-10036,2026-03-31,Medeu,1,36.1,3.0,3,1981.0,brick,3.06,38780000.0,False
ALM-10985,2026-03-31,Nauryzbay,2,48.0,2.0,9,1975.0,panel,2.61,18340000.0,False
ALM-10719,2026-03-31,Nauryzbay,3,87.6,8.0,16,2008.0,monolith,2.78,42480000.0,False
ALM-11085,2026-04-01,Nauryzbay,2,58.4,2.0,4,1961.0,brick,,27540000.0,False
ALM-10688,2026-04-01,Nauryzbay,1,29.6,6.0,12,2016.0,monolith,2.77,17540000.0,False
ALM-10362,2026-04-02,Turksib,2,64.5,1.0,20,2015.0,monolith,2.82,32780000.0,False
ALM-10700,2026-04-02,Almaly,2,50.0,5.0,16,2007.0,monolith,2.87,50470000.0,False
ALM-10141,2026-04-02,Medeu,0,31.9,4.0,9,1973.0,panel,,32440000.0,False
ALM-10355,2026-04-02,Turksib,2,49.9,1.0,5,1979.0,brick,2.98,24840000.0,False
ALM-10120,2026-04-02,Zhetysu,2,48.5,5.0,9,1991.0,panel,,30130000.0,False
ALM-10019,2026-04-03,Alatau,1,37.7,21.0,25,2015.0,monolith,2.84,20320000.0,False
ALM-10046,2026-04-03,Alatau,2,47.0,11.0,16,2009.0,monolith,2.87,24770000.0,False
ALM-10924,2026-04-03,Alatau,2,56.2,5.0,5,1969.0,panel,2.67,25860000.0,False
ALM-10707,2026-04-03,Almaly,2,62.0,8.0,12,1973.0,panel,2.56,43060000.0,False
ALM-11109,2026-04-04,Almaly,2,57.5,25.0,25,2008.0,monolith,2.74,56470000.0,False
ALM-11103,2026-04-04,Medeu,1,43.1,9.0,12,1967.0,panel,2.57,40050000.0,False
ALM-10212,2026-04-04,Nauryzbay,2,54.0,9.0,12,1970.0,panel,2.61,19220000.0,False
ALM-10685,2026-04-04,Bostandyk,2,52.0,3.0,5,1973.0,brick,2.83,48860000.0,False
ALM-10268,2026-04-05,Turksib,2,55.5,3.0,9,1982.0,panel,2.66,26880000.0,False
ALM-10858,2026-04-05,Alatau,3,76.3,2.0,4,1964.0,brick,,40000000.0,False
ALM-11044,2026-04-05,Zhetysu,3,83.2,2.0,12,2017.0,monolith,2.98,55240000.0,False
ALM-10940,2026-04-06,Auezov,3,67.9,1.0,3,1973.0,brick,3.04,44490000.0,False
ALM-10353,2026-04-06,Almaly,3,86.1,12.0,12,1972.0,panel,2.57,63220000.0,False
ALM-10816,2026-04-06,Medeu,5,141.2,3.0,9,1988.0,panel,2.59,133880000.0,False
ALM-10378,2026-04-06,Auezov,1,41.4,5.0,9,1973.0,panel,2.68,22290000.0,False
ALM-10504,2026-04-06,Medeu,2,53.7,7.0,25,2020.0,monolith,2.73,63550000.0,False
ALM-10041,2026-04-07,Alatau,2,68.4,7.0,9,1960.0,brick,3.09,34880000.0,False
ALM-10544,2026-04-07,Almaly,2,57.0,4.0,4,1982.0,brick,3.08,46990000.0,False
ALM-10371,2026-04-07,Auezov,3,78.1,4.0,5,1968.0,panel,,47430000.0,False
ALM-10553,2026-04-07,Turksib,4,108.0,2.0,5,1984.0,panel,2.61,55250000.0,False
ALM-10681,2026-04-08,Almaly,3,80.5,12.0,12,1973.0,panel,,66190000.0,False
ALM-10828,2026-04-08,Medeu,3,81.3,3.0,5,1988.0,brick,2.88,74160000.0,False
ALM-10370,2026-04-08,Zhetysu,3,81.3,17.0,20,2016.0,monolith,2.88,61960000.0,False
ALM-10809,2026-04-08,Auezov,3,72.9,9.0,9,1966.0,panel,2.52,44410000.0,False
ALM-11061,2026-04-08,Zhetysu,1,42.1,1.0,4,1961.0,brick,,22940000.0,False
ALM-10905,2026-04-09,Medeu,4,109.0,8.0,12,1981.0,panel,2.52,89490000.0,False
ALM-10839,2026-04-09,Medeu,2,52.8,5.0,5,1984.0,panel,2.61,47730000.0,False
ALM-10346,2026-04-09,Nauryzbay,2,67.8,8.0,9,2024.0,monolith,,32790000.0,False
ALM-10915,2026-04-09,Alatau,4,100.6,7.0,9,1985.0,panel,2.51,45410000.0,False
ALM-10200,2026-04-09,Bostandyk,1,45.3,9.0,25,2016.0,monolith,2.71,49800000.0,False
ALM-10327,2026-04-10,Auezov,1,42.2,10.0,12,2017.0,monolith,3.0,32550000.0,False
ALM-10194,2026-04-10,Medeu,2,52.3,5.0,5,1971.0,panel,2.66,43440000.0,False
ALM-10358,2026-04-10,Bostandyk,3,69.8,11.0,20,2020.0,monolith,2.79,78490000.0,False
ALM-10689,2026-04-10,Nauryzbay,2,56.8,3.0,9,1986.0,panel,2.55,23130000.0,False
ALM-10313,2026-04-10,Auezov,3,84.0,3.0,5,1991.0,panel,2.63,49870000.0,False
ALM-10860,2026-04-11,Turksib,2,54.3,6.0,9,1978.0,panel,,25260000.0,False
ALM-10392,2026-04-11,Alatau,4,110.2,6.0,9,2010.0,monolith,,60140000.0,True
ALM-10780,2026-04-11,Zhetysu,1,34.2,1.0,9,1992.0,brick,3.05,19020000.0,False
ALM-10144,2026-04-11,Nauryzbay,1,35.4,4.0,25,2024.0,monolith,2.71,17910000.0,False
ALM-11108,2026-04-12,Turksib,5,114.5,20.0,25,2009.0,monolith,2.82,65980000.0,True
ALM-11113,2026-04-12,Medeu,1,45.4,4.0,5,1977.0,panel,2.61,39930000.0,False
ALM-11130,2026-04-13,Nauryzbay,1,34.2,4.0,9,1964.0,panel,2.53,14830000.0,False
ALM-10829,2026-04-13,Bostandyk,3,73.2,4.0,20,2024.0,monolith,2.92,86570000.0,False
ALM-10439,2026-04-13,Almaly,5,148.4,2.0,9,,panel,2.69,125650000.0,True
ALM-10444,2026-04-13,Alatau,2,56.3,2.0,9,1986.0,panel,2.68,24770000.0,False
ALM-10582,2026-04-13,Zhetysu,2,63.9,21.0,25,2023.0,monolith,2.85,47310000.0,False
ALM-10012,2026-04-13,Turksib,1,25.8,5.0,5,1980.0,panel,2.66,12210000.0,False
ALM-11112,2026-04-13,Turksib,2,34.3,9.0,9,1990.0,panel,,15310000.0,False
ALM-10032,2026-04-13,Almaly,1,38.4,1.0,9,1972.0,panel,2.56,27230000.0,False
ALM-10255,2026-04-14,Zhetysu,2,55.5,5.0,9,2014.0,monolith,2.76,41500000.0,False
ALM-11123,2026-04-14,Zhetysu,1,40.7,11.0,12,1980.0,panel,2.59,21860000.0,False
ALM-10381,2026-04-14,Nauryzbay,1,39.7,3.0,9,2011.0,monolith,2.94,22490000.0,False
ALM-10853,2026-04-15,Auezov,1,36.7,5.0,5,,brick,2.93,22260000.0,False
ALM-10432,2026-04-15,Auezov,1,36.5,2.0,5,1986.0,panel,2.56,19720000.0,False
ALM-10769,2026-04-15,Auezov,2,59.5,7.0,9,1978.0,panel,2.68,31760000.0,False
ALM-11131,2026-04-15,Nauryzbay,2,54.7,7.0,9,1999.0,brick,2.71,26640000.0,False
ALM-10146,2026-04-15,Almaly,1,36.7,1.0,3,1978.0,brick,2.82,31850000.0,False
ALM-10620,2026-04-16,Bostandyk,2,53.6,3.0,5,1967.0,panel,,53670000.0,False
ALM-10575,2026-04-16,Turksib,2,46.0,10.0,20,2022.0,monolith,2.93,33390000.0,False
ALM-10901,2026-04-17,Nauryzbay,3,85.1,2.0,5,1980.0,panel,2.55,38420000.0,False
ALM-10102,2026-04-17,Alatau,3,72.6,5.0,5,1974.0,panel,2.7,31240000.0,False
ALM-10903,2026-04-17,Bostandyk,2,59.0,2.0,4,1981.0,brick,2.75,70470000.0,False
ALM-10771,2026-04-17,Nauryzbay,2,47.4,14.0,20,2010.0,monolith,2.89,27090000.0,False
ALM-10330,2026-04-17,Turksib,3,86.3,7.0,9,1974.0,panel,,36610000.0,False
ALM-10972,2026-04-17,Nauryzbay,2,64.5,3.0,12,1991.0,panel,2.7,28780000.0,False
ALM-10678,2026-04-17,Nauryzbay,1,37.3,9.0,9,1981.0,brick,3.17,17520000.0,False
ALM-10435,2026-04-17,Nauryzbay,2,68.5,11.0,12,1964.0,panel,,31470000.0,False
ALM-10382,2026-04-18,Zhetysu,2,61.1,3.0,9,1980.0,panel,2.6,35540000.0,False
ALM-10415,2026-04-18,Auezov,1,42.8,1.0,9,1987.0,panel,2.51,21530000.0,False
ALM-11013,2026-04-18,Bostandyk,1,36.0,8.0,9,1977.0,panel,,37430000.0,False
ALM-10360,2026-04-18,Auezov,1,36.9,3.0,4,1993.0,brick,,27700000.0,False
ALM-10726,2026-04-18,Alatau,1,34.0,2.0,9,2023.0,monolith,2.79,17490000.0,False
ALM-10716,2026-04-18,Zhetysu,1,35.3,1.0,9,1990.0,panel,2.57,17680000.0,False
ALM-11066,2026-04-18,Alatau,3,65.6,9.0,12,1969.0,panel,2.65,29120000.0,False
ALM-10047,2026-04-18,Bostandyk,2,59.5,9.0,9,1989.0,panel,,43540000.0,False
ALM-10950,2026-04-18,Medeu,2,53.9,12.0,12,2019.0,monolith,2.82,62490000.0,False
ALM-10854,2026-04-19,Alatau,1,50.2,16.0,20,2022.0,monolith,2.93,26100000.0,False
ALM-10645,2026-04-19,Turksib,2,48.6,5.0,9,1980.0,brick,,23070000.0,False
ALM-10723,2026-04-19,Bostandyk,1,38.0,12.0,20,2015.0,monolith,2.81,43960000.0,False
ALM-10087,2026-04-19,Zhetysu,2,67.6,8.0,9,1978.0,panel,2.51,38130000.0,False
ALM-10979,2026-04-19,Medeu,2,55.5,4.0,4,2004.0,brick,,54400000.0,False
ALM-10208,2026-04-19,Nauryzbay,1,37.8,2.0,5,1989.0,panel,,17470000.0,False
ALM-11023,2026-04-19,Nauryzbay,3,80.7,8.0,9,,panel,2.68,35090000.0,False
ALM-11190,2026-04-19,Medeu,3,87.8,4.0,5,1961.0,brick,2.78,99540000.0,False
ALM-10226,2026-04-20,Nauryzbay,3,80.1,6.0,9,2024.0,monolith,2.83,42040000.0,False
ALM-10496,2026-04-20,Turksib,3,79.0,5.0,12,1987.0,panel,,36810000.0,False
ALM-10050,2026-04-21,Bostandyk,4,85.3,12.0,12,2016.0,monolith,2.95,92980000.0,False
ALM-10989,2026-04-21,Auezov,3,75.8,6.0,16,2006.0,monolith,2.93,61840000.0,False
ALM-10505,2026-04-21,Zhetysu,3,75.2,2.0,5,1978.0,panel,2.6,49960000.0,False
ALM-11047,2026-04-21,Almaly,1,37.2,10.0,20,,monolith,2.82,40200000.0,False
ALM-11095,2026-04-21,Almaly,2,53.6,15.0,16,2005.0,monolith,2.77,58980000.0,False
ALM-10117,2026-04-21,Turksib,2,58.5,7.0,9,1970.0,panel,2.68,32150000.0,False
ALM-11064,2026-04-21,Zhetysu,3,103.5,2.0,5,1950.0,brick,2.93,66840000.0,False
ALM-11179,2026-04-21,Auezov,1,40.6,9.0,9,1972.0,panel,2.64,21730000.0,False
ALM-11012,2026-04-21,Almaly,1,40.7,3.0,4,1951.0,brick,3.2,39770000.0,False
ALM-10777,2026-04-21,Auezov,4,99.6,10.0,20,2020.0,monolith,2.95,69570000.0,False
ALM-10921,2026-04-22,Zhetysu,3,66.8,5.0,5,1962.0,brick,2.7,38560000.0,False
ALM-10207,2026-04-22,Alatau,3,86.0,3.0,9,,panel,2.66,32910000.0,False
ALM-10741,2026-04-22,Auezov,4,102.6,,16,2015.0,monolith,2.98,73860000.0,False
ALM-10667,2026-04-22,Alatau,2,45.7,5.0,9,2024.0,monolith,2.71,28090000.0,False
ALM-10085,2026-04-22,Alatau,2,51.8,10.0,20,2007.0,monolith,2.72,26300000.0,False
ALM-10717,2026-04-22,Bostandyk,1,33.1,2.0,4,1971.0,brick,2.83,34390000.0,False
ALM-10964,2026-04-23,Medeu,2,66.2,13.0,25,2012.0,monolith,2.75,73050000.0,False
ALM-11117,2026-04-23,Alatau,2,61.9,9.0,9,2015.0,monolith,2.7,32560000.0,False
ALM-10095,2026-04-23,Alatau,4,120.1,2.0,3,1955.0,brick,2.97,58750000.0,True
ALM-10793,2026-04-23,Auezov,1,41.7,7.0,9,1965.0,brick,3.04,28850000.0,False
ALM-10585,2026-04-24,Turksib,3,84.1,2.0,3,1981.0,brick,3.15,51150000.0,False
ALM-10219,2026-04-24,Turksib,2,61.7,15.0,16,2006.0,monolith,2.75,38120000.0,False
ALM-10866,2026-04-24,Auezov,2,56.5,20.0,20,2015.0,monolith,2.72,36800000.0,False
ALM-10210,2026-04-24,Medeu,2,61.6,5.0,9,2010.0,monolith,2.93,70860000.0,False
ALM-10488,2026-04-25,Turksib,1,31.8,3.0,3,1975.0,brick,3.16,16950000.0,False
ALM-10040,2026-04-25,Nauryzbay,2,71.8,5.0,12,1971.0,panel,2.6,32430000.0,False
ALM-10511,2026-04-25,Nauryzbay,1,28.8,7.0,12,2024.0,monolith,2.79,17480000.0,False
ALM-10150,2026-04-25,Auezov,1,46.1,2.0,25,2008.0,monolith,2.9,29650000.0,False
ALM-10841,2026-04-25,Auezov,2,48.7,9.0,12,2013.0,monolith,2.92,42240000.0,False
ALM-10933,2026-04-25,Auezov,3,77.4,3.0,3,1992.0,brick,2.85,51210000.0,False
ALM-10530,2026-04-25,Almaly,2,57.8,3.0,9,1966.0,panel,2.65,47940000.0,False
ALM-10510,2026-04-26,Turksib,2,57.0,12.0,12,1984.0,panel,,25760000.0,False
ALM-10073,2026-04-26,Turksib,1,36.2,7.0,9,1978.0,panel,2.6,18540000.0,False
ALM-10442,2026-04-26,Zhetysu,3,70.5,2.0,9,2021.0,monolith,2.87,48140000.0,False
ALM-10875,2026-04-26,Almaly,0,31.8,12.0,25,2008.0,monolith,2.94,33060000.0,False
ALM-10083,2026-04-27,Nauryzbay,2,61.1,12.0,12,2020.0,monolith,2.79,28990000.0,False
ALM-10198,2026-04-28,Alatau,2,60.9,8.0,9,1981.0,panel,2.53,25950000.0,False
ALM-10592,2026-04-28,Zhetysu,4,102.4,9.0,9,1981.0,panel,2.52,59010000.0,False
ALM-11166,2026-04-28,Auezov,2,43.8,12.0,12,2016.0,monolith,2.81,32160000.0,False
ALM-10374,2026-04-28,Auezov,3,82.3,1.0,9,1986.0,panel,2.68,46060000.0,False
ALM-10692,2026-04-28,Auezov,2,72.2,5.0,9,2005.0,monolith,2.75,52800000.0,False
ALM-10762,2026-04-28,Bostandyk,1,39.9,5.0,9,1988.0,panel,2.69,30390000.0,False
ALM-10326,2026-04-28,Bostandyk,2,67.7,4.0,5,1964.0,brick,2.7,72110000.0,False
ALM-10584,2026-04-29,Auezov,1,43.1,1.0,5,1979.0,panel,2.53,26870000.0,False
ALM-10033,2026-04-29,Turksib,2,53.5,8.0,9,2008.0,monolith,2.88,29050000.0,False
ALM-10433,2026-04-29,Turksib,3,85.0,4.0,9,,panel,2.68,38980000.0,False
ALM-10454,2026-04-29,Auezov,2,54.0,8.0,9,1964.0,panel,,33660000.0,False
ALM-11174,2026-04-29,Auezov,1,37.2,2.0,3,1990.0,brick,2.79,25440000.0,False
ALM-10108,2026-04-30,Auezov,1,41.3,1.0,9,2024.0,monolith,2.71,25060000.0,False
ALM-10947,2026-04-30,Zhetysu,3,77.2,6.0,9,1996.0,brick,2.94,52270000.0,False
ALM-11191,2026-04-30,Bostandyk,2,58.4,9.0,9,1973.0,panel,,46880000.0,False
ALM-10163,2026-05-01,Almaly,3,65.4,10.0,20,2012.0,monolith,2.78,65220000.0,False
ALM-10890,2026-05-01,Almaly,2,62.6,1.0,5,1965.0,panel,,48690000.0,False
ALM-11033,2026-05-01,Turksib,2,46.2,9.0,16,2016.0,monolith,2.83,29430000.0,False
ALM-10597,2026-05-01,Medeu,3,66.5,8.0,9,1997.0,brick,2.87,74930000.0,False
ALM-10588,2026-05-01,Alatau,3,79.5,5.0,12,1983.0,panel,2.58,33220000.0,False
ALM-10814,2026-05-01,Alatau,4,93.9,1.0,5,1972.0,brick,3.0,46300000.0,False
ALM-10115,2026-05-02,Bostandyk,2,45.5,5.0,20,2013.0,monolith,2.94,51550000.0,False
ALM-10024,2026-05-03,Almaly,3,77.6,8.0,12,1974.0,panel,2.61,64320000.0,False
ALM-10790,2026-05-03,Almaly,2,56.5,3.0,12,1986.0,panel,,55280000.0,False
ALM-10653,2026-05-03,Almaly,3,76.3,12.0,12,2019.0,monolith,,78740000.0,False
ALM-10017,2026-05-03,Almaly,2,55.0,7.0,12,1985.0,panel,2.55,45810000.0,False
ALM-11170,2026-05-04,Turksib,1,41.3,8.0,12,2015.0,monolith,2.76,23650000.0,False
ALM-10878,2026-05-04,Medeu,2,53.0,5.0,9,1987.0,brick,3.16,62280000.0,False
ALM-10546,2026-05-04,Medeu,2,62.4,3.0,9,1991.0,panel,,58850000.0,False
ALM-10386,2026-05-04,Turksib,2,53.3,1.0,5,1970.0,panel,2.65,24920000.0,False
ALM-11021,2026-05-04,Almaly,3,78.6,2.0,5,1984.0,panel,2.54,63570000.0,False
ALM-10932,2026-05-04,Zhetysu,1,38.9,3.0,9,1971.0,panel,2.5,22080000.0,False
ALM-11114,2026-05-05,Auezov,3,68.5,2.0,4,1974.0,brick,2.75,49610000.0,False
ALM-10099,2026-05-05,Turksib,0,29.9,6.0,9,1987.0,panel,2.65,16260000.0,False
ALM-10590,2026-05-05,Nauryzbay,2,50.4,6.0,12,1980.0,panel,,21260000.0,False
ALM-11153,2026-05-05,Almaly,1,38.0,4.0,5,1961.0,brick,2.73,37050000.0,False
ALM-10342,2026-05-05,Alatau,3,68.0,3.0,12,1984.0,panel,,29440000.0,False
ALM-10129,2026-05-06,Turksib,2,56.5,25.0,25,2021.0,monolith,2.91,32080000.0,False
ALM-10020,2026-05-06,Bostandyk,1,39.3,2.0,20,2007.0,monolith,2.94,39420000.0,False
ALM-10045,2026-05-06,Turksib,2,55.7,13.0,20,2014.0,monolith,2.79,27260000.0,False
ALM-10387,2026-05-06,Alatau,2,75.0,1.0,3,1985.0,brick,,32730000.0,False
ALM-11068,2026-05-06,Alatau,2,47.3,1.0,5,1962.0,panel,,22110000.0,False
ALM-10736,2026-05-06,Turksib,2,56.3,4.0,12,1971.0,panel,2.59,28060000.0,False
ALM-10810,2026-05-07,Medeu,1,41.1,3.0,5,1974.0,panel,2.64,44060000.0,False
ALM-10455,2026-05-07,Almaly,1,34.5,5.0,9,2014.0,monolith,2.98,32110000.0,False
ALM-10617,2026-05-07,Nauryzbay,1,42.2,4.0,4,1963.0,brick,2.83,20680000.0,False
ALM-11140,2026-05-07,Auezov,1,34.4,1.0,3,1994.0,brick,2.77,21390000.0,False
ALM-11036,2026-05-08,Almaly,1,36.7,19.0,20,2009.0,monolith,2.96,37980000.0,False
ALM-10137,2026-05-08,Almaly,2,44.8,12.0,12,2006.0,monolith,2.72,37590000.0,False
ALM-10745,2026-05-09,Nauryzbay,2,38.6,3.0,5,1984.0,panel,2.53,15660000.0,False
ALM-10021,2026-05-09,Alatau,3,71.3,9.0,12,1988.0,panel,2.69,30090000.0,False
ALM-10956,2026-05-09,Zhetysu,3,78.8,3.0,4,1958.0,brick,2.8,45650000.0,False
ALM-10661,2026-05-09,Alatau,4,115.8,5.0,12,1989.0,panel,2.53,50900000.0,True
ALM-10484,2026-05-10,Turksib,1,36.7,7.0,20,2024.0,monolith,2.89,22040000.0,False
ALM-10616,2026-05-10,Zhetysu,1,41.8,2.0,9,1968.0,panel,2.59,23840000.0,False
ALM-10583,2026-05-10,Nauryzbay,4,110.0,12.0,12,1968.0,panel,2.68,44880000.0,False
ALM-11129,2026-05-10,Medeu,1,44.5,4.0,12,1983.0,panel,2.61,40660000.0,False
ALM-10421,2026-05-10,Auezov,3,77.7,3.0,16,2005.0,monolith,2.9,56500000.0,False
ALM-10960,2026-05-11,Turksib,1,34.9,5.0,16,2021.0,monolith,2.86,20140000.0,False
ALM-10608,2026-05-11,Medeu,2,60.2,6.0,20,2009.0,monolith,2.81,67870000.0,False
ALM-11076,2026-05-12,Bostandyk,2,51.3,11.0,12,1965.0,panel,2.59,44510000.0,False
ALM-10402,2026-05-12,Zhetysu,2,47.5,4.0,9,1983.0,panel,2.56,23940000.0,False
ALM-10289,2026-05-12,Alatau,2,50.1,1.0,4,1994.0,brick,2.93,22060000.0,False
ALM-10955,2026-05-12,Medeu,4,92.8,2.0,12,1971.0,panel,,105250000.0,False
ALM-10329,2026-05-13,Alatau,2,46.8,4.0,4,1951.0,brick,2.8,19530000.0,False
ALM-10492,2026-05-13,Almaly,1,33.6,2.0,9,1981.0,panel,2.5,24800000.0,False
ALM-11020,2026-05-13,Nauryzbay,3,80.4,1.0,3,1959.0,brick,,39230000.0,False
ALM-10626,2026-05-13,Zhetysu,4,110.3,2.0,5,1981.0,brick,2.78,64860000.0,False
ALM-10424,2026-05-13,Medeu,2,53.5,4.0,5,,panel,2.53,54940000.0,False
ALM-10307,2026-05-13,Almaly,3,73.3,3.0,3,2000.0,brick,2.75,70310000.0,False
ALM-11071,2026-05-13,Nauryzbay,3,64.4,3.0,5,1950.0,brick,2.81,29210000.0,False
ALM-10535,2026-05-14,Auezov,3,88.6,2.0,3,1967.0,brick,2.72,64580000.0,False
ALM-10325,2026-05-14,Zhetysu,2,54.6,5.0,5,1965.0,panel,2.56,29330000.0,False
ALM-10447,2026-05-15,Bostandyk,1,39.6,3.0,5,1976.0,panel,2.51,32360000.0,False
ALM-10363,2026-05-15,Bostandyk,2,61.6,9.0,9,,panel,,49780000.0,False
ALM-10098,2026-05-15,Almaly,2,44.7,6.0,25,2009.0,monolith,2.94,49470000.0,False
ALM-10173,2026-05-15,Turksib,1,43.2,8.0,9,1991.0,panel,2.67,21580000.0,False
ALM-10995,2026-05-15,Turksib,1,45.7,2.0,20,2010.0,monolith,2.93,26700000.0,False
ALM-11078,2026-05-15,Nauryzbay,2,59.0,3.0,5,1967.0,panel,,25050000.0,False
ALM-10757,2026-05-16,Almaly,1,42.0,9.0,16,2010.0,monolith,2.88,45540000.0,False
ALM-10049,2026-05-16,Turksib,1,35.0,10.0,12,1963.0,panel,2.67,14770000.0,False
ALM-10570,2026-05-16,Nauryzbay,1,41.7,6.0,9,1976.0,panel,2.69,17920000.0,False
ALM-10319,2026-05-16,Nauryzbay,2,70.0,9.0,25,2015.0,monolith,2.82,34490000.0,False
ALM-10734,2026-05-16,Almaly,3,83.0,8.0,9,1986.0,panel,2.59,80870000.0,False
ALM-10522,2026-05-16,Medeu,2,56.4,1.0,9,1975.0,brick,2.98,55620000.0,False
ALM-10836,2026-05-16,Nauryzbay,1,35.0,5.0,9,1969.0,panel,2.62,14350000.0,False
ALM-10636,2026-05-17,Nauryzbay,1,37.7,,5,1966.0,panel,,17670000.0,False
ALM-10202,2026-05-17,Alatau,0,30.6,5.0,12,2006.0,monolith,2.94,17480000.0,False
ALM-11042,2026-05-17,Almaly,2,59.2,8.0,12,1977.0,panel,2.68,45250000.0,False
ALM-11074,2026-05-17,Nauryzbay,1,38.5,13.0,16,2007.0,monolith,2.92,21600000.0,False
ALM-10983,2026-05-18,Alatau,2,74.5,9.0,9,1992.0,panel,,32990000.0,False
ALM-10097,2026-05-18,Auezov,2,60.9,4.0,9,1988.0,panel,2.66,39190000.0,False
ALM-11120,2026-05-18,Auezov,0,33.7,3.0,3,1978.0,brick,2.85,21710000.0,False
ALM-10855,2026-05-18,Zhetysu,3,80.6,11.0,12,1986.0,panel,2.6,44130000.0,False
ALM-10288,2026-05-18,Alatau,1,40.8,,20,2017.0,monolith,,19890000.0,False
ALM-10138,2026-05-18,Bostandyk,4,105.7,3.0,5,2005.0,brick,,114310000.0,False
ALM-10082,2026-05-19,Bostandyk,1,41.2,6.0,9,2007.0,monolith,2.71,45890000.0,False
ALM-10101,2026-05-19,Medeu,2,58.6,1.0,4,1976.0,brick,,59670000.0,False
ALM-10887,2026-05-19,Bostandyk,1,41.5,13.0,16,2019.0,monolith,2.94,38310000.0,False
ALM-10458,2026-05-20,Auezov,2,60.8,2.0,9,1974.0,brick,2.91,45330000.0,False
ALM-11091,2026-05-20,Almaly,2,54.7,2.0,3,1998.0,brick,3.02,55150000.0,False
ALM-10043,2026-05-20,Alatau,2,68.8,6.0,12,1965.0,panel,2.53,29350000.0,False
ALM-10658,2026-05-20,Bostandyk,4,125.7,1.0,9,1966.0,panel,,104940000.0,False
ALM-10873,2026-05-20,Turksib,4,95.8,5.0,5,1991.0,panel,2.62,43540000.0,False
ALM-10551,2026-05-20,Medeu,4,114.9,5.0,5,1994.0,brick,2.92,105060000.0,False
ALM-11046,2026-05-20,Almaly,1,44.1,11.0,12,1970.0,panel,,35250000.0,False
ALM-10959,2026-05-20,Turksib,1,43.9,,16,2021.0,monolith,2.95,28870000.0,False
ALM-10519,2026-05-21,Turksib,2,46.1,2.0,5,1991.0,brick,3.02,23760000.0,False
ALM-10057,2026-05-21,Turksib,1,27.3,10.0,12,1977.0,panel,2.52,12870000.0,False
ALM-10309,2026-05-22,Medeu,3,68.1,10.0,16,2024.0,monolith,2.96,79570000.0,False
ALM-10112,2026-05-22,Almaly,4,94.3,6.0,12,,panel,2.58,89000000.0,False
ALM-10042,2026-05-22,Turksib,3,72.6,9.0,9,1978.0,panel,2.54,28740000.0,False
ALM-10128,2026-05-22,Zhetysu,4,118.2,1.0,5,1964.0,panel,2.59,71050000.0,False
ALM-10698,2026-05-22,Bostandyk,1,41.8,2.0,4,1994.0,brick,,42870000.0,False
ALM-10627,2026-05-23,Medeu,3,70.6,1.0,9,1990.0,panel,,73830000.0,False
ALM-10675,2026-05-23,Almaly,3,69.8,2.0,5,1974.0,panel,,53500000.0,False
ALM-10574,2026-05-23,Alatau,3,77.8,5.0,9,1979.0,panel,2.59,31960000.0,False
ALM-11137,2026-05-24,Bostandyk,1,34.7,2.0,5,1971.0,brick,2.93,34860000.0,False
ALM-10619,2026-05-24,Auezov,2,50.5,9.0,12,1968.0,panel,2.63,28310000.0,False
ALM-10563,2026-05-24,Bostandyk,3,81.4,8.0,12,2010.0,monolith,2.99,89840000.0,False
ALM-11111,2026-05-25,Bostandyk,2,53.5,2.0,9,1987.0,panel,,48180000.0,False
ALM-10340,2026-05-25,Alatau,2,60.1,3.0,5,1971.0,panel,2.65,24950000.0,False
ALM-10968,2026-05-26,Zhetysu,1,38.9,7.0,12,1970.0,panel,2.7,23880000.0,False
ALM-10284,2026-05-26,Almaly,1,31.5,1.0,5,1971.0,brick,,25460000.0,False
ALM-10618,2026-05-26,Zhetysu,3,82.0,11.0,12,2019.0,monolith,,55520000.0,False
ALM-10724,2026-05-27,Auezov,3,89.9,4.0,9,2021.0,monolith,2.97,63490000.0,False
ALM-11101,2026-05-27,Medeu,3,84.0,4.0,5,1986.0,panel,2.56,75680000.0,False
ALM-10889,2026-05-27,Bostandyk,2,45.0,3.0,9,2013.0,monolith,2.94,46030000.0,False
ALM-10254,2026-05-27,Zhetysu,2,55.7,19.0,25,2015.0,monolith,2.84,40460000.0,False
ALM-10555,2026-05-27,Medeu,3,77.4,1.0,5,1962.0,panel,2.5,74680000.0,False
ALM-10264,2026-05-27,Bostandyk,1,495.0,3.0,5,1972.0,panel,2.57,42680000.0,False
ALM-10822,2026-05-27,Almaly,3,91.7,5.0,20,2017.0,monolith,2.84,104060000.0,False
ALM-10287,2026-05-28,Auezov,2,56.6,1.0,12,1969.0,panel,2.52,31920000.0,False
ALM-10799,2026-05-28,Auezov,1,35.3,1.0,4,1969.0,brick,3.05,22640000.0,False
ALM-10831,2026-05-28,Zhetysu,2,62.9,1.0,9,1987.0,panel,2.66,32710000.0,False
ALM-10215,2026-05-28,Zhetysu,3,91.5,3.0,9,1962.0,panel,2.61,56580000.0,False
ALM-10460,2026-05-28,Alatau,2,59.5,7.0,25,2005.0,monolith,2.76,31160000.0,False
ALM-11059,2026-05-28,Bostandyk,4,88.9,3.0,12,,panel,2.69,75710000.0,False
ALM-10919,2026-05-28,Auezov,3,100.3,12.0,12,2009.0,monolith,2.7,67890000.0,False
ALM-11119,2026-05-28,Medeu,3,79.6,3.0,9,1985.0,brick,2.88,85320000.0,False
ALM-10819,2026-05-29,Auezov,2,57.2,4.0,12,1968.0,panel,2.52,40420000.0,False
ALM-10991,2026-05-29,Medeu,3,71.2,5.0,5,1987.0,brick,2.8,71100000.0,False
ALM-10521,2026-05-29,Bostandyk,0,25.3,1.0,3,1981.0,brick,2.88,25790000.0,False
ALM-10003,2026-05-29,Auezov,2,48.6,2.0,5,1978.0,panel,2.55,26120000.0,False
ALM-10754,2026-05-29,Medeu,3,87.7,13.0,16,2010.0,monolith,2.84,97750000.0,False
ALM-11067,2026-05-30,Medeu,3,78.6,1.0,3,,brick,2.77,90500000.0,False
ALM-10652,2026-05-30,Nauryzbay,2,51.9,3.0,3,1962.0,brick,3.1,22320000.0,False
ALM-10997,2026-05-30,Medeu,2,59.3,2.0,9,2009.0,monolith,2.84,69640000.0,False
ALM-10999,2026-05-30,Bostandyk,1,37.3,1.0,5,1965.0,brick,3.06,38540000.0,False
ALM-11141,2026-05-30,Turksib,3,78.3,3.0,3,1960.0,brick,3.09,37900000.0,False
ALM-10291,2026-05-30,Auezov,3,77.5,,20,2012.0,monolith,2.88,51890000.0,False
ALM-10391,2026-05-30,Auezov,2,50.4,2.0,3,,brick,,31590000.0,False
ALM-11160,2026-05-31,Alatau,1,38.4,9.0,9,2005.0,monolith,2.77,20990000.0,False
ALM-10295,2026-05-31,Turksib,2,64.9,1.0,12,1974.0,panel,2.55,24420000.0,False
ALM-10486,2026-05-31,Alatau,2,53.7,10.0,12,1991.0,panel,,26800000.0,False
ALM-10615,2026-05-31,Alatau,2,67.2,2.0,12,,panel,2.58,27670000.0,False
ALM-10579,2026-05-31,Turksib,2,44.9,9.0,16,2021.0,monolith,2.71,29670000.0,False
ALM-10614,2026-06-01,Almaly,4,92.3,1.0,3,1969.0,brick,2.77,83720000.0,False
ALM-10145,2026-06-01,Auezov,4,107.4,23.0,25,2014.0,monolith,2.94,81790000.0,False
ALM-10547,2026-06-02,Almaly,3,66.1,5.0,5,1990.0,panel,2.53,48620000.0,False
ALM-11157,2026-06-02,Zhetysu,1,50.2,1.0,25,2018.0,monolith,2.77,36930000.0,False
ALM-10945,2026-06-02,Bostandyk,2,57.2,8.0,9,1980.0,panel,2.53,51830000.0,False
ALM-10673,2026-06-02,Almaly,1,44.6,4.0,5,1988.0,brick,2.85,35750000.0,False
ALM-11016,2026-06-02,Turksib,2,55.8,2.0,3,1968.0,brick,,33550000.0,False
ALM-10481,2026-06-03,Alatau,1,33.8,11.0,12,1989.0,panel,2.57,15690000.0,False
ALM-11026,2026-06-03,Medeu,1,39.7,9.0,20,2012.0,monolith,2.73,46860000.0,False
ALM-10640,2026-06-04,Zhetysu,3,79.7,7.0,9,2007.0,monolith,2.89,62990000.0,False
ALM-10628,2026-06-04,Medeu,3,82.3,,5,1964.0,brick,3.13,87600000.0,False
ALM-10230,2026-06-04,Almaly,3,92.6,6.0,9,1989.0,panel,2.66,72280000.0,False
ALM-10683,2026-06-04,Bostandyk,2,52.7,8.0,9,1979.0,brick,2.79,56000000.0,False
ALM-11062,2026-06-04,Turksib,3,83.0,2.0,12,1978.0,panel,2.55,36710000.0,False
ALM-10837,2026-06-04,Bostandyk,3,88.9,8.0,16,2014.0,monolith,2.77,91960000.0,False
ALM-10063,2026-06-04,Medeu,2,52.7,3.0,9,1978.0,panel,2.59,54120000.0,False
ALM-10613,2026-06-04,Nauryzbay,3,74.9,8.0,16,2019.0,monolith,2.83,38520000.0,False
ALM-10554,2026-06-05,Alatau,4,89.6,4.0,9,1976.0,panel,2.62,44700000.0,False
ALM-10706,2026-06-05,Nauryzbay,2,56.3,12.0,25,,monolith,2.98,29060000.0,False
ALM-10158,2026-06-05,Zhetysu,1,40.1,5.0,5,1966.0,brick,2.91,28060000.0,False
ALM-10257,2026-06-05,Auezov,3,42.0,3.0,9,1975.0,panel,,25270000.0,False
ALM-10531,2026-06-05,Bostandyk,1,39.0,3.0,4,2003.0,brick,2.99,43640000.0,False
ALM-10323,2026-06-05,Medeu,1,34.5,14.0,20,2007.0,monolith,2.89,39940000.0,False
ALM-10385,2026-06-06,Medeu,2,57.8,10.0,16,2021.0,monolith,2.82,60870000.0,False
ALM-10184,2026-06-06,Zhetysu,2,65.5,1.0,4,1970.0,brick,2.77,35010000.0,False
ALM-10812,2026-06-06,Nauryzbay,2,56.9,5.0,5,1968.0,brick,3.04,25720000.0,False
ALM-11000,2026-06-06,Medeu,2,45.7,1.0,5,1999.0,brick,2.72,43750000.0,False
ALM-10676,2026-06-06,Turksib,2,51.5,,5,1968.0,panel,2.66,25020000.0,False
ALM-10418,2026-06-06,Alatau,1,38.6,17.0,25,2023.0,monolith,2.73,20280000.0,False
ALM-10109,2026-06-07,Alatau,2,46.4,11.0,12,2023.0,monolith,2.97,25380000.0,False
ALM-10296,2026-06-07,Almaly,2,56.7,5.0,12,1969.0,panel,2.59,47480000.0,False
ALM-10263,2026-06-08,Turksib,2,60.5,9.0,9,2021.0,monolith,2.73,36110000.0,False
ALM-10168,2026-06-08,Alatau,1,42.8,3.0,12,2022.0,monolith,2.89,27400000.0,False
ALM-10306,2026-06-08,Nauryzbay,3,68.0,5.0,5,,panel,2.7,27660000.0,False
ALM-10412,2026-06-08,Medeu,2,60.5,2.0,4,1992.0,brick,3.01,65900000.0,False
ALM-10942,2026-06-08,Zhetysu,4,94.6,2.0,5,1959.0,brick,,57040000.0,False
ALM-10679,2026-06-08,Auezov,3,56.2,9.0,9,1984.0,panel,2.53,30040000.0,False
ALM-10806,2026-06-08,Medeu,3,86.1,8.0,20,2017.0,monolith,2.89,113570000.0,False
ALM-10147,2026-06-09,Bostandyk,2,59.8,4.0,5,1968.0,panel,2.5,52360000.0,False
ALM-10782,2026-06-09,Medeu,2,46.2,1.0,9,2024.0,monolith,2.88,52630000.0,False
ALM-10004,2026-06-09,Bostandyk,0,26.7,9.0,20,2024.0,monolith,2.84,30970000.0,False
ALM-10480,2026-06-09,Auezov,2,66.7,1.0,12,1979.0,panel,2.62,40150000.0,False
ALM-10914,2026-06-10,Bostandyk,3,80.8,2.0,9,1982.0,panel,,67990000.0,False
ALM-10476,2026-06-10,Medeu,4,85.2,6.0,9,1972.0,panel,,73770000.0,False
ALM-10783,2026-06-10,Medeu,4,120.4,12.0,12,2017.0,monolith,2.85,149210000.0,True
ALM-11167,2026-06-10,Nauryzbay,1,42.5,3.0,5,1982.0,panel,2.61,19970000.0,False
ALM-10677,2026-06-10,Almaly,4,90.8,4.0,5,1984.0,panel,2.63,78510000.0,False
ALM-10010,2026-06-11,Auezov,2,58.2,20.0,20,2007.0,monolith,2.82,46290000.0,False
ALM-10788,2026-06-11,Alatau,1,47.6,12.0,12,1971.0,panel,,17170000.0,False
ALM-10482,2026-06-11,Nauryzbay,2,62.3,2.0,9,1988.0,panel,2.69,27160000.0,False
ALM-11098,2026-06-12,Medeu,5,146.5,4.0,5,1968.0,panel,2.52,149220000.0,True
ALM-10893,2026-06-12,Bostandyk,4,112.4,1.0,4,,brick,3.02,111780000.0,False
ALM-11139,2026-06-12,Medeu,2,58.9,4.0,4,1982.0,brick,,66820000.0,False
ALM-10833,2026-06-13,Zhetysu,1,46.1,4.0,5,1987.0,panel,2.63,25880000.0,False
ALM-10104,2026-06-13,Auezov,2,63.9,2.0,9,1987.0,panel,2.52,34650000.0,False
ALM-10515,2026-06-13,Turksib,4,93.0,2.0,9,1984.0,brick,2.81,57010000.0,False
ALM-10680,2026-06-13,Almaly,2,46.7,5.0,5,1974.0,panel,,35990000.0,False
ALM-10864,2026-06-13,Auezov,2,50.9,5.0,9,1964.0,panel,2.68,28530000.0,False
ALM-11154,2026-06-13,Medeu,5,137.8,4.0,25,2017.0,monolith,2.93,183190000.0,True
ALM-10746,2026-06-14,Medeu,2,50.3,11.0,12,1973.0,panel,2.51,53780000.0,False
ALM-10127,2026-06-14,Zhetysu,3,86.7,3.0,12,1980.0,panel,2.61,41900000.0,False
ALM-10635,2026-06-14,Auezov,2,57.6,6.0,9,1974.0,panel,2.69,31200000.0,False
ALM-11056,2026-06-14,Turksib,2,49.0,11.0,12,1967.0,panel,,20890000.0,False
ALM-10236,2026-06-14,Medeu,1,45.1,2.0,12,2018.0,monolith,2.81,55670000.0,False
ALM-10738,2026-06-14,Bostandyk,2,50.1,1.0,5,1958.0,brick,2.71,44710000.0,False
ALM-10234,2026-06-15,Zhetysu,3,81.6,6.0,20,2016.0,monolith,2.77,58000000.0,False
ALM-10641,2026-06-15,Medeu,1,45.0,9.0,12,1986.0,panel,2.55,39400000.0,False
ALM-11063,2026-06-15,Zhetysu,1,31.2,12.0,16,2018.0,monolith,2.73,20110000.0,False
ALM-11176,2026-06-16,Auezov,2,56.3,5.0,5,,panel,2.51,30730000.0,False
ALM-10446,2026-06-17,Bostandyk,3,74.1,5.0,12,1975.0,panel,2.64,57870000.0,False
ALM-10542,2026-06-17,Medeu,2,63.4,7.0,9,1992.0,panel,2.5,55260000.0,False
ALM-10390,2026-06-17,Auezov,2,53.5,2.0,20,2021.0,monolith,2.71,41950000.0,False
ALM-10610,2026-06-18,Bostandyk,2,58.2,8.0,20,2006.0,monolith,2.91,55940000.0,False
ALM-11107,2026-06-18,Almaly,1,40.0,13.0,25,2009.0,monolith,2.83,43920000.0,False
ALM-10002,2026-06-18,Bostandyk,1,33.6,8.0,9,2020.0,monolith,2.71,36360000.0,False
ALM-10334,2026-06-18,Alatau,2,51.5,14.0,20,2005.0,monolith,2.84,25630000.0,False
ALM-10909,2026-06-18,Alatau,2,56.5,7.0,16,2023.0,monolith,2.93,32610000.0,False
ALM-10580,2026-06-18,Auezov,1,46.6,1.0,12,1976.0,panel,2.7,26100000.0,False
ALM-10242,2026-06-18,Auezov,2,50.9,13.0,16,2015.0,monolith,2.82,34280000.0,False
ALM-11072,2026-06-18,Almaly,0,31.7,12.0,12,1974.0,panel,,23330000.0,False
ALM-10823,2026-06-18,Turksib,2,35.6,6.0,9,,brick,2.92,20360000.0,False
ALM-10832,2026-06-18,Zhetysu,2,56.6,4.0,5,1986.0,brick,2.93,35980000.0,False
ALM-10894,2026-06-19,Alatau,3,59.7,4.0,4,1998.0,brick,3.18,29280000.0,False
ALM-10305,2026-06-19,Turksib,2,52.8,2.0,16,2020.0,monolith,2.77,29130000.0,False
ALM-10882,2026-06-19,Auezov,3,75.9,5.0,9,,panel,2.53,47390000.0,False
ALM-10990,2026-06-19,Turksib,1,31.6,1.0,9,1990.0,brick,2.71,15780000.0,False
ALM-10397,2026-06-19,Medeu,2,52.2,19.0,20,2019.0,monolith,2.89,58200000.0,False
ALM-10278,2026-06-21,Almaly,5,125.7,3.0,9,1977.0,panel,2.56,86760000.0,False
ALM-10624,2026-06-21,Alatau,1,39.6,8.0,9,1993.0,brick,3.0,18160000.0,False
ALM-10730,2026-06-21,Medeu,2,59.2,4.0,9,2000.0,brick,2.74,58020000.0,False
ALM-10552,2026-06-21,Alatau,1,34.4,11.0,12,,monolith,2.76,17420000.0,False
ALM-10978,2026-06-22,Turksib,2,59.0,3.0,12,,panel,2.61,27340000.0,False
ALM-10193,2026-06-22,Auezov,5,141.6,16.0,20,2021.0,monolith,,87470000.0,True
ALM-11086,2026-06-22,Medeu,2,53.3,1.0,12,2013.0,monolith,2.92,56650000.0,False
ALM-10282,2026-06-22,Almaly,2,55.0,1.0,5,,panel,2.54,38870000.0,False
ALM-10299,2026-06-22,Nauryzbay,2,52.1,19.0,20,2022.0,monolith,2.86,27700000.0,False
ALM-10967,2026-06-22,Nauryzbay,4,76.8,1.0,20,2009.0,monolith,2.78,32090000.0,False
ALM-11037,2026-06-22,Almaly,2,40.8,5.0,12,1978.0,panel,,31370000.0,False
ALM-10755,2026-06-23,Auezov,1,42.2,7.0,9,1956.0,brick,3.08,27030000.0,False
ALM-11065,2026-06-24,Bostandyk,3,86.5,12.0,12,1992.0,panel,2.58,71510000.0,False
ALM-10303,2026-06-24,Bostandyk,2,44.0,1.0,9,2018.0,monolith,2.99,49760000.0,False
ALM-10718,2026-06-24,Turksib,1,41.2,3.0,5,1985.0,panel,2.59,19530000.0,False
ALM-10403,2026-06-24,Bostandyk,5,157.6,9.0,16,2013.0,monolith,2.71,193000000.0,True
ALM-10916,2026-06-25,Zhetysu,3,91.1,4.0,5,1979.0,brick,2.93,65090000.0,False
ALM-10776,2026-06-25,Almaly,4,118.0,3.0,12,1992.0,panel,2.51,102590000.0,False
ALM-10748,2026-06-25,Nauryzbay,5,150.8,2.0,9,1964.0,panel,2.51,58020000.0,True
ALM-11147,2026-06-25,Almaly,2,56.7,4.0,9,2018.0,monolith,2.86,57130000.0,False
ALM-11017,2026-06-25,Turksib,1,30.3,1.0,12,1981.0,panel,,12810000.0,False
ALM-11049,2026-06-26,Medeu,1,41.6,11.0,12,1966.0,panel,2.69,42120000.0,False
ALM-10065,2026-06-26,Almaly,2,52.6,22.0,25,,monolith,2.84,55190000.0,False
ALM-10758,2026-06-26,Turksib,1,36.3,4.0,9,1986.0,brick,2.79,19520000.0,False
ALM-11006,2026-06-26,Bostandyk,5,155.4,20.0,25,2019.0,monolith,2.8,167190000.0,True
ALM-10203,2026-06-26,Nauryzbay,1,35.2,4.0,9,1979.0,brick,3.04,16470000.0,False
ALM-10026,2026-06-26,Alatau,2,47.6,9.0,9,1967.0,panel,2.7,22020000.0,False
ALM-10768,2026-06-27,Auezov,2,62.7,4.0,5,1979.0,brick,3.0,41820000.0,False
ALM-10436,2026-06-27,Turksib,3,92.2,4.0,4,1970.0,brick,,52030000.0,False
ALM-10060,2026-06-27,Turksib,3,74.1,4.0,9,2023.0,monolith,2.88,41140000.0,False
ALM-10228,2026-06-27,Medeu,2,65.9,7.0,9,1962.0,panel,2.61,62130000.0,False
ALM-10593,2026-06-28,Alatau,2,60.5,23.0,25,2016.0,monolith,2.87,33620000.0,False
ALM-10840,2026-06-28,Zhetysu,1,36.4,1.0,3,1966.0,brick,2.93,24350000.0,False
ALM-11196,2026-06-29,Almaly,2,60.9,1.0,5,1952.0,brick,2.73,51560000.0,False
ALM-10191,2026-06-29,Almaly,1,39.5,3.0,20,2019.0,monolith,2.95,43250000.0,False
ALM-10596,2026-06-29,Zhetysu,3,78.6,4.0,4,1956.0,brick,2.98,40890000.0,False
ALM-10595,2026-06-29,Alatau,1,38.6,4.0,5,1979.0,panel,2.64,16830000.0,False
ALM-10246,2026-06-29,Auezov,1,38.8,5.0,5,1994.0,brick,2.9,24860000.0,False
ALM-11132,2026-06-29,Medeu,0,31.5,7.0,25,2017.0,monolith,2.94,37430000.0,False
ALM-10740,2026-06-30,Almaly,3,69.1,10.0,16,2006.0,monolith,2.87,71680000.0,False
ALM-11080,2026-07-01,Nauryzbay,2,61.1,15.0,16,2019.0,monolith,2.71,34250000.0,False
ALM-11181,2026-07-01,Auezov,1,35.4,9.0,25,2010.0,monolith,2.84,23580000.0,False
ALM-11177,2026-07-01,Almaly,4,128.6,1.0,12,1988.0,panel,2.53,81170000.0,False
ALM-10301,2026-07-01,Almaly,2,48.6,20.0,20,2024.0,monolith,2.79,50310000.0,False
ALM-10591,2026-07-01,Almaly,2,49.9,4.0,9,1969.0,panel,2.56,39750000.0,False
ALM-10696,2026-07-01,Almaly,3,90.1,3.0,3,2003.0,brick,3.1,89590000.0,False
ALM-10697,2026-07-02,Auezov,1,43.4,1.0,4,1950.0,brick,2.85,29060000.0,False
ALM-10514,2026-07-02,Auezov,2,69.2,7.0,9,1972.0,panel,2.63,43940000.0,False
ALM-10466,2026-07-02,Medeu,3,90.9,3.0,9,1982.0,panel,2.64,88400000.0,False
ALM-11186,2026-07-02,Bostandyk,4,104.3,4.0,5,1968.0,panel,2.53,74820000.0,False
ALM-10600,2026-07-02,Auezov,3,80.1,3.0,5,,panel,2.51,48520000.0,False
ALM-10453,2026-07-02,Turksib,1,39.9,7.0,12,2006.0,monolith,2.77,24680000.0,False
ALM-10644,2026-07-03,Zhetysu,1,39.1,3.0,5,1996.0,brick,2.71,23860000.0,False
ALM-11028,2026-07-03,Alatau,4,148.1,1.0,4,2000.0,brick,3.15,72750000.0,True
ALM-10842,2026-07-03,Auezov,4,109.4,4.0,25,2006.0,monolith,2.88,87440000.0,True
ALM-10347,2026-07-04,Auezov,2,42.6,1.0,5,1978.0,panel,2.65,24260000.0,False
ALM-10227,2026-07-04,Turksib,2,49.5,6.0,9,1963.0,panel,2.57,22810000.0,False
ALM-11118,2026-07-04,Turksib,1,39.8,6.0,9,1966.0,panel,2.57,22590000.0,False
ALM-10266,2026-07-04,Auezov,1,44.9,,12,1962.0,panel,2.58,30160000.0,False
ALM-10273,2026-07-04,Medeu,2,65.7,2.0,9,2022.0,monolith,2.84,74820000.0,False
ALM-10283,2026-07-05,Zhetysu,3,80.7,1.0,12,1982.0,panel,2.66,42340000.0,False
ALM-10485,2026-07-05,Auezov,3,87.5,9.0,9,1985.0,panel,2.52,49940000.0,False
ALM-10980,2026-07-05,Almaly,3,91.7,10.0,12,2014.0,monolith,2.75,88740000.0,False
ALM-10094,2026-07-05,Auezov,1,40.8,5.0,5,1976.0,brick,,23060000.0,False
ALM-10560,2026-07-05,Almaly,0,32.2,11.0,20,2019.0,monolith,2.89,29510000.0,False
ALM-11121,2026-07-05,Alatau,2,59.4,4.0,16,2016.0,monolith,2.93,32800000.0,False
ALM-10008,2026-07-05,Almaly,4,96.9,3.0,9,1989.0,panel,,75690000.0,False
ALM-10605,2026-07-05,Nauryzbay,2,54.3,5.0,20,2006.0,monolith,2.76,36960000.0,False
ALM-10871,2026-07-05,Zhetysu,1,38.4,4.0,5,1994.0,brick,2.73,24460000.0,False
ALM-10786,2026-07-06,Medeu,3,76.7,2.0,4,1972.0,brick,2.76,86620000.0,False
ALM-10256,2026-07-06,Bostandyk,1,29.7,9.0,9,2009.0,monolith,,29370000.0,False
ALM-11136,2026-07-06,Bostandyk,2,61.2,3.0,12,1979.0,panel,,55200000.0,False
ALM-10549,2026-07-06,Alatau,2,62.0,3.0,12,1964.0,panel,,28490000.0,False
ALM-10751,2026-07-06,Turksib,3,79.2,3.0,20,2020.0,monolith,2.89,47540000.0,False
ALM-10671,2026-07-06,Almaly,2,47.3,2.0,9,2016.0,monolith,2.98,46120000.0,False
ALM-11038,2026-07-07,Auezov,3,77.0,1.0,9,1965.0,panel,2.52,43580000.0,False
ALM-10157,2026-07-07,Medeu,4,103.5,1.0,12,2008.0,monolith,2.7,108730000.0,False
ALM-10233,2026-07-07,Alatau,2,59.3,3.0,9,2000.0,brick,2.89,25280000.0,False
ALM-10172,2026-07-07,Bostandyk,2,55.8,2.0,5,1992.0,panel,2.65,49820000.0,False
ALM-10516,2026-07-07,Turksib,1,34.4,2.0,5,1989.0,panel,,15260000.0,False
ALM-10245,2026-07-07,Nauryzbay,1,36.7,7.0,12,1985.0,panel,2.56,15660000.0,False
ALM-10928,2026-07-07,Bostandyk,1,42.4,6.0,9,1984.0,panel,,40370000.0,False
ALM-11045,2026-07-08,Medeu,1,43.2,2.0,4,1998.0,brick,3.17,47950000.0,False
ALM-11200,2026-07-08,Bostandyk,3,83.0,5.0,12,1990.0,panel,2.54,71940000.0,False
ALM-10931,2026-07-08,Bostandyk,3,64.6,5.0,9,1958.0,brick,,59590000.0,False
ALM-10818,2026-07-08,Bostandyk,1,34.3,12.0,12,1970.0,panel,2.57,25480000.0,False
ALM-10647,2026-07-08,Auezov,1,40.9,4.0,5,1980.0,panel,2.67,23530000.0,False
ALM-10111,2026-07-09,Turksib,4,116.1,3.0,4,1979.0,brick,,63730000.0,True
ALM-10477,2026-07-09,Bostandyk,2,53.5,11.0,12,1973.0,panel,,44040000.0,False
ALM-10792,2026-07-09,Zhetysu,1,30.1,18.0,25,2005.0,monolith,2.93,19690000.0,False
ALM-10895,2026-07-09,Turksib,1,42.4,2.0,5,1966.0,panel,2.52,20220000.0,False
ALM-10318,2026-07-09,Almaly,2,60.3,11.0,12,2017.0,monolith,2.96,57600000.0,False
ALM-10576,2026-07-09,Turksib,3,78.1,5.0,5,1987.0,panel,,37970000.0,False
ALM-10512,2026-07-10,Nauryzbay,1,34.2,16.0,16,2010.0,monolith,2.9,18370000.0,False
ALM-10216,2026-07-10,Almaly,4,87.5,5.0,5,1986.0,panel,,70570000.0,False
ALM-10524,2026-07-10,Zhetysu,5,123.4,6.0,12,2008.0,monolith,2.79,86380000.0,False
ALM-10178,2026-07-10,Zhetysu,2,69.2,4.0,5,1977.0,panel,2.61,38730000.0,False
ALM-10562,2026-07-10,Bostandyk,3,76.8,13.0,16,2020.0,monolith,2.98,101700000.0,False
ALM-10090,2026-07-10,Zhetysu,3,80.1,16.0,25,2012.0,monolith,2.89,67530000.0,False
ALM-10705,2026-07-11,Auezov,0,32.4,7.0,12,2015.0,monolith,2.95,23030000.0,False
ALM-10526,2026-07-11,Alatau,4,97.3,2.0,5,1970.0,panel,,43870000.0,False
ALM-10879,2026-07-11,Turksib,3,77.5,1.0,9,2015.0,monolith,2.79,48480000.0,False
ALM-10240,2026-07-12,Turksib,2,44.2,7.0,16,2016.0,monolith,2.71,25680000.0,False
ALM-10536,2026-07-12,Zhetysu,0,30.8,9.0,9,1983.0,panel,2.58,16140000.0,False
ALM-10322,2026-07-12,Auezov,3,70.3,12.0,12,1984.0,panel,,35720000.0,False
ALM-10857,2026-07-13,Alatau,3,83.7,1.0,5,1989.0,panel,,33610000.0,False
ALM-10750,2026-07-13,Alatau,1,26.5,4.0,4,1972.0,brick,,11440000.0,False
ALM-10925,2026-07-13,Turksib,2,50.5,1.0,5,1990.0,panel,2.52,24230000.0,False
ALM-10253,2026-07-14,Auezov,2,67.2,2.0,3,2000.0,brick,3.12,47850000.0,False
ALM-11116,2026-07-14,Almaly,3,76.8,1.0,5,1986.0,panel,2.57,52470000.0,False
ALM-10690,2026-07-14,Bostandyk,0,25.9,4.0,16,2008.0,monolith,,28630000.0,False
ALM-10713,2026-07-14,Bostandyk,5,156.6,9.0,9,2012.0,monolith,2.9,162880000.0,True
ALM-10149,2026-07-14,Zhetysu,3,87.4,3.0,5,2004.0,brick,2.93,63140000.0,False
ALM-10007,2026-07-14,Medeu,2,52.7,4.0,5,,panel,2.7,55590000.0,False
ALM-10961,2026-07-15,Medeu,3,70.5,2.0,5,1996.0,brick,2.93,81730000.0,False
ALM-10292,2026-07-15,Bostandyk,3,83.5,11.0,16,2017.0,monolith,2.79,92340000.0,False
ALM-10377,2026-07-15,Medeu,2,59.4,4.0,5,1974.0,panel,2.62,55890000.0,False
ALM-10981,2026-07-16,Almaly,3,87.8,1.0,12,2012.0,monolith,2.88,91720000.0,False
ALM-10209,2026-07-16,Auezov,2,51.8,2.0,16,2008.0,monolith,2.77,36630000.0,False
ALM-11134,2026-07-16,Bostandyk,2,56.2,11.0,12,2020.0,monolith,2.8,64670000.0,False
ALM-10529,2026-07-16,Auezov,4,123.1,3.0,9,,monolith,2.86,87540000.0,True
ALM-10267,2026-07-16,Bostandyk,1,36.6,8.0,12,1975.0,panel,2.69,29170000.0,False
ALM-10431,2026-07-17,Auezov,4,110.2,7.0,12,1990.0,panel,,69490000.0,False
ALM-10993,2026-07-17,Zhetysu,3,70.5,3.0,9,1988.0,panel,,37520000.0,False
ALM-10798,2026-07-17,Zhetysu,3,77.4,4.0,16,2020.0,monolith,2.92,50870000.0,False
ALM-10206,2026-07-17,Almaly,2,46.8,1.0,12,1970.0,panel,2.62,36060000.0,False
ALM-10548,2026-07-18,Auezov,2,57.6,2.0,5,2004.0,brick,2.86,36240000.0,False
ALM-10506,2026-07-18,Zhetysu,1,41.6,2.0,16,2008.0,monolith,2.81,31620000.0,False
ALM-10483,2026-07-18,Bostandyk,2,54.7,15.0,20,2005.0,monolith,2.93,68840000.0,False
ALM-11005,2026-07-18,Alatau,4,91.5,2.0,5,1966.0,panel,2.63,39080000.0,False
ALM-10609,2026-07-19,Alatau,1,38.4,5.0,9,1976.0,panel,2.58,16480000.0,False
ALM-10513,2026-07-19,Medeu,4,116.0,2.0,9,2014.0,monolith,2.86,167770000.0,True
ALM-11082,2026-07-19,Alatau,2,52.9,6.0,12,1979.0,panel,,24030000.0,False
ALM-10594,2026-07-19,Bostandyk,2,55.8,3.0,3,1973.0,brick,2.81,55100000.0,False
ALM-10075,2026-07-20,Almaly,5,122.3,3.0,5,1992.0,brick,3.19,109630000.0,False
ALM-11148,2026-07-20,Bostandyk,2,49.5,,12,1974.0,panel,2.62,37400000.0,False
ALM-10123,2026-07-20,Medeu,2,56.7,,3,2003.0,brick,2.8,58290000.0,False
ALM-11197,2026-07-20,Medeu,4,114.1,3.0,12,1965.0,panel,2.53,117860000.0,False
ALM-10417,2026-07-21,Bostandyk,3,80.0,3.0,3,1996.0,brick,2.8,70410000.0,False
ALM-10992,2026-07-21,Medeu,3,93.9,3.0,4,1989.0,brick,2.72,105540000.0,False
ALM-10130,2026-07-21,Auezov,2,57.0,1.0,12,2012.0,monolith,2.98,37780000.0,False
ALM-10637,2026-07-22,Medeu,3,86.4,5.0,5,1960.0,brick,3.06,99730000.0,False
ALM-10339,2026-07-22,Bostandyk,3,78.4,7.0,12,1971.0,panel,2.68,67330000.0,False
ALM-10315,2026-07-22,Turksib,2,60.9,6.0,9,2019.0,monolith,2.88,38480000.0,False
ALM-10368,2026-07-22,Auezov,3,65.9,12.0,25,2018.0,monolith,2.75,51550000.0,False
ALM-11149,2026-07-22,Nauryzbay,2,63.5,22.0,25,2022.0,monolith,2.93,35900000.0,False
ALM-10747,2026-07-22,Turksib,2,46.3,4.0,5,,panel,2.52,25930000.0,False
ALM-11029,2026-07-23,Alatau,1,44.7,5.0,5,1963.0,panel,2.59,20240000.0,False
ALM-10907,2026-07-23,Alatau,2,63.3,2.0,9,2012.0,monolith,2.84,34500000.0,False
ALM-11022,2026-07-23,Zhetysu,3,74.1,4.0,5,1981.0,panel,,43220000.0,False
ALM-10498,2026-07-23,Turksib,2,47.6,3.0,16,2006.0,monolith,2.92,31120000.0,False
ALM-10304,2026-07-24,Nauryzbay,2,55.2,3.0,3,1958.0,brick,3.2,25420000.0,False
ALM-11100,2026-07-24,Turksib,3,77.3,4.0,5,1984.0,panel,2.61,39480000.0,False
ALM-10765,2026-07-25,Alatau,2,47.7,17.0,25,2015.0,monolith,2.88,29840000.0,False
ALM-10996,2026-07-25,Almaly,3,73.6,1.0,12,1965.0,panel,2.62,51980000.0,False
ALM-11002,2026-07-25,Bostandyk,1,42.0,5.0,5,1997.0,brick,3.01,38970000.0,False
ALM-10603,2026-07-25,Zhetysu,2,52.9,2.0,9,1981.0,panel,2.64,27080000.0,False
ALM-10820,2026-07-25,Almaly,4,103.1,1.0,25,,monolith,2.98,107610000.0,False
ALM-10929,2026-07-25,Zhetysu,2,56.0,2.0,3,1961.0,brick,2.77,45340000.0,False
ALM-10449,2026-07-26,Bostandyk,2,66.7,9.0,12,1976.0,panel,2.52,64280000.0,False
ALM-10250,2026-07-26,Medeu,1,38.4,1.0,9,2013.0,monolith,2.99,46930000.0,False
ALM-10577,2026-07-26,Auezov,3,80.8,12.0,20,2007.0,monolith,2.71,57400000.0,False
ALM-10344,2026-07-26,Zhetysu,1,39.8,5.0,5,1967.0,panel,2.53,21420000.0,False
ALM-10181,2026-07-27,Almaly,2,61.3,16.0,25,2013.0,monolith,2.79,65440000.0,False
ALM-10071,2026-07-28,Zhetysu,3,74.2,9.0,9,2024.0,monolith,3.0,49820000.0,False
ALM-10437,2026-07-28,Zhetysu,1,41.5,3.0,16,2007.0,monolith,2.88,33660000.0,False
ALM-10838,2026-07-28,Alatau,3,85.8,5.0,9,1992.0,panel,2.62,37360000.0,False
ALM-10015,2026-07-28,Alatau,2,57.2,8.0,9,1985.0,panel,2.56,25000000.0,False
ALM-11142,2026-07-29,Bostandyk,2,62.9,8.0,20,2017.0,monolith,2.95,70240000.0,False
ALM-10949,2026-07-29,Medeu,1,36.5,5.0,5,1983.0,panel,2.66,29910000.0,False
ALM-10440,2026-07-30,Auezov,3,87.9,1.0,12,1976.0,panel,,48370000.0,False
ALM-10275,2026-07-30,Nauryzbay,3,77.5,3.0,3,1967.0,brick,3.11,33910000.0,False
ALM-11105,2026-07-30,Zhetysu,2,60.0,7.0,9,1965.0,panel,,34050000.0,False
ALM-10452,2026-07-30,Turksib,1,37.8,6.0,20,2018.0,monolith,,24020000.0,False
ALM-10976,2026-07-30,Alatau,1,37.9,10.0,20,2015.0,monolith,2.91,22810000.0,False
ALM-11099,2026-07-31,Alatau,4,95.3,2.0,5,1981.0,panel,,42410000.0,False
ALM-10320,2026-08-01,Auezov,4,101.2,1.0,5,1989.0,panel,2.53,52030000.0,False
ALM-10767,2026-08-01,Almaly,1,26.8,5.0,9,,panel,2.68,23710000.0,False
ALM-10096,2026-08-01,Medeu,4,89.5,1.0,9,,brick,2.95,87370000.0,False
ALM-10383,2026-08-01,Bostandyk,1,32.1,1.0,4,,brick,2.9,24950000.0,False
ALM-10908,2026-08-01,Turksib,2,59.6,5.0,5,1986.0,panel,2.52,28300000.0,False
ALM-10951,2026-08-01,Alatau,2,56.7,6.0,9,1975.0,panel,2.66,27460000.0,False
ALM-10052,2026-08-02,Turksib,2,65.0,5.0,5,1963.0,panel,2.51,27090000.0,False
ALM-10936,2026-08-02,Zhetysu,2,50.8,3.0,5,1977.0,panel,2.69,29500000.0,False
ALM-10185,2026-08-02,Bostandyk,2,50.1,3.0,9,2007.0,monolith,2.8,55130000.0,False
ALM-10445,2026-08-02,Turksib,1,37.1,3.0,4,2001.0,brick,,22470000.0,False
ALM-10122,2026-08-02,Almaly,2,52.9,7.0,9,1970.0,panel,2.61,44880000.0,False
ALM-11192,2026-08-03,Turksib,4,94.0,9.0,9,1978.0,panel,,42200000.0,False
ALM-10214,2026-08-03,Bostandyk,2,47.5,3.0,3,1986.0,brick,2.93,48640000.0,False
ALM-10133,2026-08-03,Nauryzbay,2,62.0,5.0,5,,panel,2.66,28920000.0,False
ALM-11003,2026-08-03,Bostandyk,5,151.8,9.0,12,1975.0,panel,,129570000.0,True
ALM-11052,2026-08-03,Zhetysu,2,60.4,3.0,5,1988.0,panel,2.57,30790000.0,False
ALM-10186,2026-08-04,Turksib,1,38.0,1.0,5,1964.0,panel,2.51,16000000.0,False
ALM-10744,2026-08-04,Medeu,3,64.3,9.0,9,1969.0,panel,2.51,59000000.0,False
ALM-11144,2026-08-04,Medeu,2,56.2,6.0,20,2016.0,monolith,2.96,65250000.0,False
ALM-10672,2026-08-04,Nauryzbay,3,86.9,10.0,25,2011.0,monolith,2.75,44930000.0,False
ALM-10970,2026-08-04,Auezov,3,80.5,2.0,3,1957.0,brick,2.76,56830000.0,False
ALM-10205,2026-08-04,Zhetysu,3,75.1,5.0,5,1972.0,panel,2.61,42700000.0,False
ALM-11102,2026-08-05,Nauryzbay,4,126.6,11.0,12,1978.0,panel,2.53,49960000.0,False
ALM-10494,2026-08-05,Almaly,3,86.7,2.0,5,1962.0,brick,3.11,87480000.0,False
ALM-10507,2026-08-05,Turksib,3,75.5,3.0,9,1976.0,brick,2.96,50200000.0,False
ALM-10545,2026-08-06,Almaly,3,80.8,7.0,9,1988.0,brick,2.93,72930000.0,False
ALM-10025,2026-08-06,Bostandyk,1,42.6,4.0,9,1976.0,panel,,38820000.0,False
ALM-10651,2026-08-06,Almaly,3,87.3,9.0,9,1986.0,panel,2.63,61750000.0,False
ALM-10533,2026-08-06,Zhetysu,1,38.0,3.0,3,1968.0,brick,2.87,22360000.0,False
ALM-10426,2026-08-07,Alatau,1,38.7,3.0,12,1977.0,panel,2.61,17620000.0,False
ALM-10474,2026-08-07,Nauryzbay,4,102.9,5.0,5,,panel,2.66,42850000.0,False
ALM-10896,2026-08-07,Medeu,2,52.3,5.0,12,1965.0,panel,2.58,48000000.0,False
ALM-10859,2026-08-07,Zhetysu,3,82.7,18.0,20,2020.0,monolith,2.77,57640000.0,False
ALM-10062,2026-08-07,Almaly,2,62.2,2.0,5,1967.0,panel,,50360000.0,False
ALM-10711,2026-08-08,Alatau,2,50.3,2.0,9,1968.0,panel,2.61,21270000.0,False
ALM-10766,2026-08-08,Medeu,2,43.6,1.0,9,1980.0,brick,2.84,50450000.0,False
ALM-10427,2026-08-08,Medeu,2,51.6,8.0,20,2009.0,monolith,2.82,59050000.0,False
ALM-11069,2026-08-08,Medeu,2,63.2,7.0,9,1964.0,panel,2.54,53370000.0,False
ALM-10013,2026-08-08,Bostandyk,3,94.4,5.0,12,1987.0,panel,2.54,68640000.0,False
ALM-10423,2026-08-09,Medeu,1,43.7,8.0,16,2007.0,monolith,2.74,54950000.0,False
ALM-10974,2026-08-09,Zhetysu,1,39.0,4.0,5,1975.0,brick,2.72,25660000.0,False
ALM-11115,2026-08-09,Nauryzbay,2,49.3,4.0,16,2012.0,monolith,2.94,27100000.0,False
ALM-10074,2026-08-10,Nauryzbay,0,32.8,,9,2018.0,monolith,2.83,15160000.0,False
ALM-10345,2026-08-10,Alatau,4,110.1,6.0,20,2014.0,monolith,2.83,56300000.0,True
ALM-11126,2026-08-10,Alatau,2,53.6,1.0,5,1962.0,brick,2.77,22760000.0,False
ALM-11050,2026-08-11,Nauryzbay,3,90.7,6.0,20,2010.0,monolith,2.71,48870000.0,False
ALM-10663,2026-08-11,Medeu,1,35.7,2.0,3,,brick,2.75,37860000.0,False
ALM-10631,2026-08-11,Bostandyk,3,74.7,6.0,9,,monolith,2.78,78000000.0,False
ALM-10069,2026-08-11,Zhetysu,2,481.0,3.0,5,,brick,2.87,27710000.0,False
ALM-10259,2026-08-11,Auezov,3,93.0,5.0,5,1988.0,panel,,48450000.0,False
ALM-10797,2026-08-12,Turksib,1,38.4,3.0,5,1963.0,panel,2.51,18240000.0,False
ALM-10880,2026-08-13,Turksib,3,81.8,3.0,4,1989.0,brick,3.16,46690000.0,False
ALM-10293,2026-08-13,Auezov,0,31.1,1.0,5,1986.0,panel,2.61,18670000.0,False
ALM-10053,2026-08-13,Zhetysu,2,68.3,4.0,9,1965.0,panel,2.63,37660000.0,False
ALM-10731,2026-08-13,Zhetysu,2,54.2,5.0,5,,panel,,24690000.0,False
ALM-10241,2026-08-13,Zhetysu,2,60.2,2.0,5,1985.0,panel,2.65,37500000.0,False
ALM-10023,2026-08-14,Medeu,3,66.4,5.0,5,1986.0,panel,2.58,66950000.0,False
ALM-10154,2026-08-14,Bostandyk,2,60.8,9.0,12,2011.0,monolith,2.99,59160000.0,False
ALM-10695,2026-08-14,Medeu,3,80.5,,12,1972.0,panel,,70940000.0,False
ALM-10312,2026-08-14,Almaly,2,51.4,9.0,9,1954.0,brick,3.19,48120000.0,False
ALM-10331,2026-08-15,Auezov,2,58.3,3.0,3,1981.0,brick,3.14,39480000.0,False
ALM-10843,2026-08-15,Nauryzbay,2,60.8,1.0,4,2004.0,brick,3.06,26290000.0,False
ALM-10528,2026-08-15,Auezov,1,37.3,1.0,5,1975.0,panel,2.67,19980000.0,False
ALM-10761,2026-08-16,Nauryzbay,5,112.2,1.0,5,1964.0,panel,2.5,47540000.0,False
ALM-10674,2026-08-16,Alatau,2,54.1,9.0,12,2014.0,monolith,2.85,29630000.0,False
ALM-10349,2026-08-17,Medeu,3,74.6,4.0,4,,brick,3.17,80150000.0,False
ALM-10497,2026-08-18,Bostandyk,3,72.9,3.0,5,1991.0,panel,2.67,60030000.0,False
ALM-10352,2026-08-18,Bostandyk,3,62.1,6.0,9,1971.0,brick,2.89,63340000.0,False
ALM-10984,2026-08-19,Zhetysu,5,136.9,2.0,3,,brick,2.81,89770000.0,True
ALM-10900,2026-08-19,Medeu,1,39.1,21.0,25,2017.0,monolith,2.93,47340000.0,False
ALM-10634,2026-08-20,Zhetysu,3,68.9,8.0,9,1971.0,panel,2.63,40720000.0,False
ALM-11135,2026-08-20,Auezov,4,112.1,6.0,12,2018.0,monolith,2.95,81460000.0,False
ALM-10493,2026-08-20,Auezov,2,50.9,7.0,9,1986.0,panel,2.6,38800000.0,False
ALM-10911,2026-08-20,Medeu,1,29.1,6.0,9,2005.0,brick,2.91,30360000.0,False
ALM-10733,2026-08-20,Auezov,2,57.0,4.0,5,1992.0,panel,2.61,28560000.0,False
ALM-10222,2026-08-20,Nauryzbay,1,36.1,4.0,5,1966.0,panel,2.67,13920000.0,False
ALM-10646,2026-08-21,Alatau,3,83.3,10.0,16,2020.0,monolith,2.98,46960000.0,False
ALM-10028,2026-08-21,Almaly,3,70.7,7.0,9,1976.0,panel,2.62,57280000.0,False
ALM-10796,2026-08-21,Zhetysu,4,94.3,7.0,16,2010.0,monolith,2.9,76730000.0,False
ALM-10870,2026-08-21,Turksib,4,89.5,3.0,9,1969.0,panel,2.69,45750000.0,False
ALM-10938,2026-08-21,Medeu,5,133.0,1.0,9,2013.0,monolith,2.93,167850000.0,True
ALM-10231,2026-08-21,Medeu,3,90.9,1.0,4,1968.0,brick,2.72,80060000.0,False
ALM-10300,2026-08-22,Bostandyk,1,36.5,3.0,4,1968.0,brick,3.15,36250000.0,False
ALM-10801,2026-08-22,Bostandyk,5,109.3,1.0,9,1964.0,panel,,98200000.0,False
ALM-10599,2026-08-22,Almaly,2,55.1,3.0,12,1986.0,panel,2.68,43980000.0,False
ALM-10958,2026-08-22,Turksib,3,75.3,,5,1974.0,panel,2.67,42320000.0,False
ALM-10298,2026-08-23,Bostandyk,2,51.1,13.0,20,2007.0,monolith,3.0,49800000.0,False
ALM-10845,2026-08-23,Nauryzbay,2,59.8,6.0,9,,brick,3.01,32240000.0,False
ALM-11145,2026-08-23,Auezov,3,82.4,4.0,4,1957.0,brick,2.83,49430000.0,False
ALM-10784,2026-08-23,Auezov,3,97.4,3.0,16,2021.0,monolith,2.98,77850000.0,False
ALM-10461,2026-08-23,Zhetysu,3,88.5,3.0,3,1974.0,brick,3.09,61710000.0,False
ALM-10569,2026-08-23,Zhetysu,1,42.6,8.0,12,,panel,,25660000.0,False
ALM-10611,2026-08-24,Zhetysu,1,36.3,5.0,25,2006.0,monolith,2.78,24120000.0,False
ALM-10290,2026-08-24,Auezov,0,33.4,3.0,3,1978.0,brick,3.18,20470000.0,False
ALM-10659,2026-08-24,Turksib,2,54.4,1.0,3,1999.0,brick,2.74,25030000.0,False
ALM-10817,2026-08-24,Medeu,2,59.4,5.0,9,1971.0,panel,2.65,56440000.0,False
ALM-10061,2026-08-25,Almaly,5,125.4,15.0,25,2008.0,monolith,,146480000.0,True
ALM-10844,2026-08-25,Auezov,2,53.4,3.0,3,1996.0,brick,2.84,34420000.0,False
ALM-10601,2026-08-25,Nauryzbay,2,68.8,5.0,5,1989.0,panel,2.68,29540000.0,False
ALM-11014,2026-08-25,Medeu,1,33.7,3.0,5,1992.0,panel,2.64,30610000.0,False
ALM-10781,2026-08-25,Almaly,2,56.8,7.0,12,1991.0,panel,2.67,46800000.0,False
ALM-10815,2026-08-26,Medeu,4,118.8,6.0,9,1973.0,panel,2.51,103030000.0,False
ALM-10789,2026-08-26,Turksib,3,87.7,3.0,5,1973.0,panel,2.59,40610000.0,False
ALM-10187,2026-08-26,Auezov,3,86.7,8.0,9,1991.0,panel,2.67,50720000.0,False
ALM-10224,2026-08-26,Almaly,4,98.2,1.0,4,1996.0,brick,3.05,93640000.0,False
ALM-10400,2026-08-27,Bostandyk,1,45.2,4.0,16,2020.0,monolith,2.87,52820000.0,False
ALM-10852,2026-08-27,Nauryzbay,3,81.0,3.0,3,1999.0,brick,3.18,43290000.0,False
ALM-10868,2026-08-27,Zhetysu,3,94.0,1.0,9,,panel,2.53,48000000.0,False
ALM-10006,2026-08-27,Almaly,2,55.7,4.0,12,1970.0,panel,2.5,41560000.0,False
ALM-10475,2026-08-27,Zhetysu,2,59.8,3.0,3,1998.0,brick,2.8,35460000.0,False
ALM-10088,2026-08-27,Bostandyk,4,122.5,1.0,9,1964.0,panel,2.55,104610000.0,False
ALM-10622,2026-08-28,Alatau,3,75.6,4.0,25,2017.0,monolith,2.73,42430000.0,False
ALM-10813,2026-08-28,Turksib,4,118.9,1.0,9,2009.0,monolith,2.83,58410000.0,False
ALM-11151,2026-08-28,Alatau,4,90.8,10.0,12,1981.0,panel,,41560000.0,False
ALM-11053,2026-08-28,Auezov,2,53.7,1.0,16,2010.0,monolith,2.78,38290000.0,False
ALM-10274,2026-08-29,Turksib,5,120.6,5.0,16,2005.0,monolith,2.8,67680000.0,True
ALM-10035,2026-08-29,Turksib,2,45.9,2.0,16,2010.0,monolith,2.7,22780000.0,False
ALM-10126,2026-08-29,Auezov,3,54.8,1.0,20,2008.0,monolith,2.97,37470000.0,False
ALM-11138,2026-08-29,Medeu,3,82.8,1.0,4,1993.0,brick,2.96,95690000.0,False
ALM-10643,2026-08-29,Zhetysu,1,42.0,5.0,5,1980.0,panel,2.67,21480000.0,False
ALM-10182,2026-08-30,Nauryzbay,2,54.9,6.0,25,2019.0,monolith,2.7,28560000.0,False
ALM-10317,2026-08-30,Bostandyk,2,57.8,8.0,20,2014.0,monolith,2.8,68490000.0,False
ALM-10898,2026-08-30,Medeu,3,78.1,1.0,9,1970.0,panel,2.7,84310000.0,False
ALM-10517,2026-08-31,Alatau,2,53.2,5.0,25,2023.0,monolith,2.88,30120000.0,False
ALM-10114,2026-08-31,Medeu,2,58.0,8.0,9,2005.0,monolith,2.85,61730000.0,False
ALM-10850,2026-08-31,Bostandyk,0,32.3,8.0,12,1969.0,panel,2.6,23760000.0,False
ALM-10664,2026-08-31,Medeu,2,46.9,9.0,9,1953.0,brick,2.91,49090000.0,False
ALM-10913,2026-08-31,Turksib,0,33.7,1.0,5,1979.0,panel,2.53,14840000.0,False
ALM-10470,2026-08-31,Auezov,1,37.7,4.0,9,2013.0,monolith,2.79,29510000.0,False
ALM-10135,2026-08-31,Turksib,1,38.1,4.0,9,2012.0,monolith,2.99,23040000.0,False
